Timestamp,Block Number,Event Type,Emotion,Valence,Movement Speed,Score
2025-05-21 20:40:51.035219,1,MOVEMENT,Neutral,-0.29676855,0,0
2025-05-21 20:40:51.101040,1,MOVEMENT,Negative,-0.35868785,71.09584212973427,0
2025-05-21 20:40:51.165807,1,MOVEMENT,Negative,-0.36678272,159.9707038982896,0
2025-05-21 20:40:51.233072,1,MOVEMENT,Negative,-0.36269522,197.77900150440752,0
2025-05-21 20:40:51.299770,1,MOVEMENT,Negative,-0.3595481,126.50330638100704,0
2025-05-21 20:40:51.365330,1,MOVEMENT,Negative,-0.33437914,116.36058940910588,0
2025-05-21 20:40:51.434490,1,MOVEMENT,Negative,-0.31805924,100.0624520818708,0
2025-05-21 20:40:51.500076,1,MOVEMENT,Negative,-0.31291038,91.28246459266188,0
2025-05-21 20:40:51.564365,1,MOVEMENT,Negative,-0.3326855,57.883479031051024,0
2025-05-21 20:40:51.634733,1,MOVEMENT,Negative,-0.32539845,16.973862769117186,0
2025-05-21 20:40:51.699480,1,MOVEMENT,Negative,-0.3099094,18.662692669706068,0
2025-05-21 20:40:51.767923,1,MOVEMENT,Negative,-0.30687922,66.62341771898343,0
2025-05-21 20:40:51.832165,1,MOVEMENT,Negative,-0.31194392,107.3795476006657,0
2025-05-21 20:40:51.903873,1,MOVEMENT,Neutral,-0.2925194,142.95803004455252,0
2025-05-21 20:40:51.968344,1,MOVEMENT,Neutral,-0.30181432,181.28376200212423,0
2025-05-21 20:40:52.033634,1,MOVEMENT,Negative,-0.32481337,215.18212496189952,0
2025-05-21 20:40:52.097413,1,MOVEMENT,Neutral,-0.2824966,242.34163886366068,0
2025-05-21 20:40:52.168183,1,MOVEMENT,Neutral,-0.2437337,272.3826063196322,0
2025-05-21 20:40:52.233904,1,MOVEMENT,Neutral,-0.2395057,290.32401342174217,0
2025-05-21 20:40:52.301627,1,MOVEMENT,Neutral,-0.28389347,306.01359930527343,0
2025-05-21 20:40:52.365363,1,MOVEMENT,Negative,-0.3019938,324.0853228322118,0
2025-05-21 20:40:52.434123,1,MOVEMENT,Neutral,-0.23127207,329.8733838214234,0
2025-05-21 20:40:52.501287,1,MOVEMENT,Neutral,-0.2536558,343.95227628919946,0
2025-05-21 20:40:52.566302,1,MOVEMENT,Negative,-0.2668942,354.01873946189625,0
2025-05-21 20:40:52.634819,1,MOVEMENT,Neutral,-0.23491398,363.9156684988072,0
2025-05-21 20:40:52.702262,1,MOVEMENT,Negative,-0.22503057,373.0842458513936,0
2025-05-21 20:40:52.768128,1,MOVEMENT,Neutral,-0.17427602,380.80682479356756,0
2025-05-21 20:40:52.832445,1,MOVEMENT,Neutral,-0.21230227,389.2964197422165,0
2025-05-21 20:40:52.901890,1,MOVEMENT,Neutral,-0.21817124,399.9108884346905,0
2025-05-21 20:40:52.968576,1,MOVEMENT,Negative,-0.29783535,404.38695355235996,0
2025-05-21 20:40:53.034200,1,MOVEMENT,Neutral,-0.25134498,409.2294924798273,0
2025-05-21 20:40:53.098919,1,MOVEMENT,Neutral,-0.25767386,408.8935415249036,0
2025-05-21 20:40:53.168346,1,MOVEMENT,Neutral,-0.20691618,409.1757957186896,0
2025-05-21 20:40:53.233650,1,MOVEMENT,Neutral,-0.2643025,406.8617224845768,0
2025-05-21 20:40:53.302777,1,MOVEMENT,Neutral,-0.27629375,402.1068999490869,0
2025-05-21 20:40:53.365969,1,MOVEMENT,Neutral,-0.2786341,387.589593721128,0
2025-05-21 20:40:53.436575,1,MOVEMENT,Neutral,-0.29951334,381.8019718985801,0
2025-05-21 20:40:53.501470,1,MOVEMENT,Neutral,-0.293934,366.3338365651374,0
2025-05-21 20:40:53.566296,1,MOVEMENT,Neutral,-0.28563568,360.55210265373745,0
2025-05-21 20:40:53.636729,1,MOVEMENT,Negative,-0.30854714,349.495515522544,0
2025-05-21 20:40:53.700187,1,DROP,Negative,-0.32720184,0,1
2025-05-21 20:40:53.768896,1,DROP,Neutral,-0.27965084,0,1
2025-05-21 20:40:53.835085,1,DROP,Neutral,-0.31265336,0,1
2025-05-21 20:40:53.901857,1,DROP,Negative,-0.31310275,0,1
2025-05-21 20:40:53.968227,1,DROP,Negative,-0.31639865,0,1
2025-05-21 20:40:54.032941,1,DROP,Negative,-0.3271902,0,1
2025-05-21 20:40:54.102841,1,DROP,Neutral,-0.27217484,0,1
2025-05-21 20:40:54.167496,1,DROP,Neutral,-0.24484956,0,1
2025-05-21 20:40:54.233223,1,DROP,Neutral,-0.20154698,0,1
2025-05-21 20:40:54.298766,1,DROP,Neutral,-0.21753448,0,1
2025-05-21 20:40:54.369403,1,DROP,Neutral,-0.27171284,0,1
2025-05-21 20:40:54.436082,1,DROP,Neutral,-0.25145993,0,1
2025-05-21 20:40:54.501847,1,DROP,Neutral,-0.34396645,0,1
2025-05-21 20:40:54.568077,1,DROP,Neutral,-0.28508013,0,1
2025-05-21 20:40:54.634212,1,DROP,Neutral,-0.29882333,0,1
2025-05-21 20:40:54.704061,1,DROP,Neutral,-0.26109338,0,1
2025-05-21 20:40:54.770272,1,DROP,Neutral,-0.32463595,0,1
2025-05-21 20:40:54.834219,1,DROP,Neutral,-0.23444131,0,1
2025-05-21 20:40:54.903350,1,DROP,Neutral,-0.25349784,0,1
2025-05-21 20:40:54.968127,1,DROP,Neutral,-0.31926775,0,1
2025-05-21 20:40:55.034983,1,DROP,Negative,-0.37440276,0,1
2025-05-21 20:40:55.102466,1,DROP,Negative,-0.34950513,0,1
2025-05-21 20:40:55.168023,2,MOVEMENT,Negative,-0.36111,0,1
2025-05-21 20:40:55.235707,2,MOVEMENT,Negative,-0.35209042,432.39527350841024,1
2025-05-21 20:40:55.303238,2,MOVEMENT,Negative,-0.089777604,353.09525592586965,1
2025-05-21 20:40:55.366802,2,MOVEMENT,Positive,0.3547839,261.24041034680675,1
2025-05-21 20:40:55.437945,2,MOVEMENT,Positive,0.36253223,202.0428957446212,1
2025-05-21 20:40:55.500384,2,MOVEMENT,Positive,0.3839158,148.2449903082575,1
2025-05-21 20:40:55.567360,2,MOVEMENT,Positive,0.38956413,110.37880663526023,1
2025-05-21 20:40:55.634853,2,MOVEMENT,Positive,0.43691546,81.01381099599985,1
2025-05-21 20:40:55.700911,2,MOVEMENT,Positive,0.5329075,50.631573370830026,1
2025-05-21 20:40:55.769070,2,MOVEMENT,Positive,0.5714761,27.412982336304243,1
2025-05-21 20:40:55.832983,2,MOVEMENT,Positive,0.5707696,6.187450260291954,1
2025-05-21 20:40:55.901898,2,MOVEMENT,Positive,0.59871763,31.524485465793884,1
2025-05-21 20:40:55.970428,2,MOVEMENT,Positive,0.5589276,49.561988105499154,1
2025-05-21 20:40:56.036792,2,MOVEMENT,Positive,0.56468576,76.08405528589803,1
2025-05-21 20:40:56.099738,2,MOVEMENT,Positive,0.5952219,95.9880103475699,1
2025-05-21 20:40:56.168109,2,MOVEMENT,Positive,0.557451,118.99788717947743,1
2025-05-21 20:40:56.234651,2,MOVEMENT,Positive,0.5348185,143.02048895266014,1
2025-05-21 20:40:56.303191,2,MOVEMENT,Positive,0.49419725,161.6529277679121,1
2025-05-21 20:40:56.368878,2,MOVEMENT,Positive,0.47693112,179.45257920195053,1
2025-05-21 20:40:56.437483,2,MOVEMENT,Positive,0.46344852,201.05462284555523,1
2025-05-21 20:40:56.503051,2,MOVEMENT,Positive,0.4301353,219.09858846253627,1
2025-05-21 20:40:56.569614,2,MOVEMENT,Positive,0.46765918,229.3795820984498,1
2025-05-21 20:40:56.635249,2,MOVEMENT,Positive,0.4771668,240.1273290125443,1
2025-05-21 20:40:56.703344,2,MOVEMENT,Positive,0.5432827,251.82837585654542,1
2025-05-21 20:40:56.770527,2,MOVEMENT,Positive,0.5489791,263.69770316121105,1
2025-05-21 20:40:56.837375,2,MOVEMENT,Positive,0.6131456,266.07588123700145,1
2025-05-21 20:40:56.901634,2,MOVEMENT,Positive,0.61425626,272.7282497836372,1
2025-05-21 20:40:56.972006,2,MOVEMENT,Positive,0.46967342,283.4158152874004,1
2025-05-21 20:40:57.035902,2,MOVEMENT,Positive,0.34897086,290.72464118369555,1
2025-05-21 20:40:57.103778,2,MOVEMENT,Positive,0.22544926,295.6756529680085,1
2025-05-21 20:40:57.171260,2,MOVEMENT,Positive,0.28062406,306.75027389297645,1
2025-05-21 20:40:57.236340,2,MOVEMENT,Positive,0.38633007,320.1577798658865,1
2025-05-21 20:40:57.303931,2,MOVEMENT,Positive,0.3085311,329.3953465858115,1
2025-05-21 20:40:57.369502,2,MOVEMENT,Positive,0.34783468,334.4911485665222,1
2025-05-21 20:40:57.436047,2,MOVEMENT,Positive,0.36144692,338.73735760222826,1
2025-05-21 20:40:57.503993,2,MOVEMENT,Positive,0.40589407,339.68947374722586,1
2025-05-21 20:40:57.569726,2,MOVEMENT,Positive,0.3795678,336.9139092240739,1
2025-05-21 20:40:57.636938,2,MOVEMENT,Positive,0.41198722,331.7898712002668,1
2025-05-21 20:40:57.703350,2,MOVEMENT,Positive,0.34830347,325.7819777570156,1
2025-05-21 20:40:57.769858,2,MOVEMENT,Positive,0.32588306,315.2095081427195,1
2025-05-21 20:40:57.836710,2,MOVEMENT,Positive,0.345121,313.117019030438,1
2025-05-21 20:40:57.902981,2,MOVEMENT,Positive,0.33500773,316.17276159824956,1
2025-05-21 20:40:57.970685,2,DROP,Positive,0.30541614,0,2
2025-05-21 20:40:58.037990,2,DROP,Positive,0.3429707,0,2
2025-05-21 20:40:58.105202,2,DROP,Positive,0.3175766,0,2
2025-05-21 20:40:58.171045,2,DROP,Positive,0.49573278,0,2
2025-05-21 20:40:58.238395,2,DROP,Positive,0.45324403,0,2
2025-05-21 20:40:58.303043,2,DROP,Positive,0.5485335,0,2
2025-05-21 20:40:58.370494,2,DROP,Positive,0.4995822,0,2
2025-05-21 20:40:58.437902,2,DROP,Positive,0.58868724,0,2
2025-05-21 20:40:58.504826,2,DROP,Positive,0.5353375,0,2
2025-05-21 20:40:58.570786,2,DROP,Positive,0.43700626,0,2
2025-05-21 20:40:58.637669,2,DROP,Positive,0.51313424,0,2
2025-05-21 20:40:58.704222,2,DROP,Positive,0.45121536,0,2
2025-05-21 20:40:58.771601,2,DROP,Positive,0.4205494,0,2
2025-05-21 20:40:58.837939,2,DROP,Positive,0.51470476,0,2
2025-05-21 20:40:58.905264,2,DROP,Positive,0.5274445,0,2
2025-05-21 20:40:58.973118,2,DROP,Positive,0.5566934,0,2
2025-05-21 20:40:59.037432,2,DROP,Positive,0.5581271,0,2
2025-05-21 20:40:59.104199,2,DROP,Positive,0.48159653,0,2
2025-05-21 20:40:59.171792,2,DROP,Positive,0.44811222,0,2
2025-05-21 20:40:59.239222,3,MOVEMENT,Positive,0.61968446,0,2
2025-05-21 20:40:59.306158,3,MOVEMENT,Positive,0.60690343,241.9989946286223,2
2025-05-21 20:40:59.371587,3,MOVEMENT,Positive,0.56930405,358.76103953276004,2
2025-05-21 20:40:59.437010,3,MOVEMENT,Positive,0.5230742,326.52337005219044,2
2025-05-21 20:40:59.504360,3,MOVEMENT,Positive,0.49876004,218.72319216525835,2
2025-05-21 20:40:59.572555,3,MOVEMENT,Positive,0.43691546,165.8168143906918,2
2025-05-21 20:40:59.639421,3,MOVEMENT,Positive,0.48337987,90.35680251405161,2
2025-05-21 20:40:59.704576,3,MOVEMENT,Positive,0.40933636,36.420107757596355,2
2025-05-21 20:40:59.771604,3,MOVEMENT,Positive,0.40720204,40.44815504347717,2
2025-05-21 20:40:59.838359,3,MOVEMENT,Positive,0.46157426,100.15247742841566,2
2025-05-21 20:40:59.905559,3,MOVEMENT,Positive,0.4450011,143.62231018177243,2
2025-05-21 20:40:59.971759,3,MOVEMENT,Positive,0.5059565,188.76659176854358,2
2025-05-21 20:41:00.037667,3,MOVEMENT,Positive,0.524292,240.75913257914613,2
2025-05-21 20:41:00.105953,3,MOVEMENT,Positive,0.5249184,265.5481260432218,2
2025-05-21 20:41:00.171447,3,MOVEMENT,Positive,0.56440353,308.0012994125535,2
2025-05-21 20:41:00.238606,3,MOVEMENT,Positive,0.5607113,335.1509277572608,2
2025-05-21 20:41:00.305671,3,MOVEMENT,Positive,0.53774506,356.95962471759964,2
2025-05-21 20:41:00.372180,3,MOVEMENT,Positive,0.5272436,371.9671955607799,2
2025-05-21 20:41:00.438849,3,MOVEMENT,Positive,0.49965888,382.6482539540633,2
2025-05-21 20:41:00.503950,3,MOVEMENT,Positive,0.47004893,397.7702206604903,2
2025-05-21 20:41:00.572066,3,MOVEMENT,Positive,0.5561253,398.6493188564382,2
2025-05-21 20:41:00.637598,3,MOVEMENT,Positive,0.5875548,401.1237082268255,2
2025-05-21 20:41:00.706227,3,MOVEMENT,Positive,0.58526736,405.7570720309203,2
2025-05-21 20:41:00.772790,3,MOVEMENT,Positive,0.4049282,403.75409307299253,2
2025-05-21 20:41:00.839773,3,MOVEMENT,Positive,0.44693133,402.88551993300666,2
2025-05-21 20:41:00.905146,3,MOVEMENT,Positive,0.37305638,405.86431957733873,2
2025-05-21 20:41:00.972603,3,MOVEMENT,Positive,0.3426839,399.0115539746747,2
2025-05-21 20:41:01.038964,3,MOVEMENT,Positive,0.28507975,392.4212141503513,2
2025-05-21 20:41:01.106228,3,MOVEMENT,Positive,0.48121098,389.13563864630237,2
2025-05-21 20:41:01.172631,3,MOVEMENT,Positive,0.48193783,382.2157081953885,2
2025-05-21 20:41:01.239857,3,MOVEMENT,Positive,0.46509126,370.3806285272321,2
2025-05-21 20:41:01.306175,3,MOVEMENT,Positive,0.49711052,367.37091254814504,2
2025-05-21 20:41:01.373722,3,DROP,Positive,0.54405993,0,3
2025-05-21 20:41:01.439936,3,DROP,Positive,0.49076635,0,3
2025-05-21 20:41:01.506823,3,DROP,Positive,0.47858596,0,3
2025-05-21 20:41:01.572382,3,DROP,Positive,0.3878407,0,3
2025-05-21 20:41:01.639430,3,DROP,Positive,0.39384723,0,3
2025-05-21 20:41:01.705484,3,DROP,Positive,0.48314446,0,3
2025-05-21 20:41:01.772681,3,DROP,Positive,0.54475236,0,3
2025-05-21 20:41:01.839220,3,DROP,Positive,0.39302412,0,3
2025-05-21 20:41:01.906944,3,DROP,Positive,0.43032503,0,3
2025-05-21 20:41:01.971660,3,DROP,Positive,0.5169166,0,3
2025-05-21 20:41:02.040046,3,DROP,Positive,0.57998776,0,3
2025-05-21 20:41:02.106771,3,DROP,Positive,0.5472181,0,3
2025-05-21 20:41:02.173900,3,DROP,Positive,0.51667196,0,3
2025-05-21 20:41:02.239140,3,DROP,Positive,0.60156333,0,3
2025-05-21 20:41:02.307268,3,DROP,Positive,0.6537763,0,3
2025-05-21 20:41:02.373022,3,DROP,Positive,0.62722486,0,3
2025-05-21 20:41:02.440549,3,DROP,Positive,0.46560478,0,3
2025-05-21 20:41:02.506809,3,DROP,Positive,0.42050228,0,3
2025-05-21 20:41:02.572445,3,DROP,Positive,0.38577977,0,3
2025-05-21 20:41:02.640177,4,MOVEMENT,Positive,0.38697883,0,3
2025-05-21 20:41:02.705268,4,MOVEMENT,Positive,0.36274022,426.71707134444176,3
2025-05-21 20:41:02.774312,4,MOVEMENT,Positive,0.39714003,306.20961118543886,3
2025-05-21 20:41:02.840341,4,MOVEMENT,Positive,0.40999052,213.95665686854736,3
2025-05-21 20:41:02.907329,4,MOVEMENT,Positive,0.4341169,125.01795364233291,3
2025-05-21 20:41:02.972952,4,MOVEMENT,Positive,0.45824417,62.72911002296826,3
2025-05-21 20:41:03.036973,4,MOVEMENT,Positive,0.5053635,21.32369206386626,3
2025-05-21 20:41:03.106828,4,MOVEMENT,Positive,0.4307223,51.35373333956591,3
2025-05-21 20:41:03.173824,4,MOVEMENT,Positive,0.49532214,104.08129642083217,3
2025-05-21 20:41:03.241092,4,MOVEMENT,Positive,0.46847323,161.36722391849554,3
2025-05-21 20:41:03.307423,4,MOVEMENT,Positive,0.55117714,209.88091454577298,3
2025-05-21 20:41:03.373842,4,MOVEMENT,Positive,0.5523602,242.34212092501312,3
2025-05-21 20:41:03.440961,4,MOVEMENT,Positive,0.3773507,270.5715427582819,3
2025-05-21 20:41:03.508019,4,MOVEMENT,Positive,0.40992007,305.622590027653,3
2025-05-21 20:41:03.574660,4,MOVEMENT,Positive,0.44073293,330.7513085264808,3
2025-05-21 20:41:03.640840,4,MOVEMENT,Positive,0.36822373,350.45565253648726,3
2025-05-21 20:41:03.706804,4,MOVEMENT,Positive,0.28156656,375.62259221404275,3
2025-05-21 20:41:03.772435,4,MOVEMENT,Positive,0.35491744,394.3735022617157,3
2025-05-21 20:41:03.841310,4,MOVEMENT,Neutral,0.20473465,411.0877113667013,3
2025-05-21 20:41:03.910604,4,MOVEMENT,Positive,0.28490418,418.2569163522,3
2025-05-21 20:41:03.972200,4,MOVEMENT,Positive,0.22528784,422.1029029325994,3
2025-05-21 20:41:04.040216,4,MOVEMENT,Neutral,0.11843152,439.3429270952037,3
2025-05-21 20:41:04.107624,4,MOVEMENT,Neutral,0.17335628,444.72097042475514,3
2025-05-21 20:41:04.169652,4,MOVEMENT,Neutral,0.10889958,450.725718644149,3
2025-05-21 20:41:04.240174,4,MOVEMENT,Positive,0.25973392,454.2892698781153,3
2025-05-21 20:41:04.308531,4,MOVEMENT,Neutral,0.19578427,452.3932500031952,3
2025-05-21 20:41:04.374442,4,MOVEMENT,Positive,0.3112098,453.4073758939779,3
2025-05-21 20:41:04.440879,4,MOVEMENT,Positive,0.27967167,446.5972332519818,3
2025-05-21 20:41:04.507907,4,MOVEMENT,Positive,0.33523965,432.842103170965,3
2025-05-21 20:41:04.573879,4,MOVEMENT,Positive,0.38812047,420.94141808397995,3
2025-05-21 20:41:04.640681,4,MOVEMENT,Positive,0.31864375,403.9176417022534,3
2025-05-21 20:41:04.706904,4,MOVEMENT,Positive,0.39680615,388.94346575812153,3
2025-05-21 20:41:04.774639,4,MOVEMENT,Positive,0.3314382,371.81088220386215,3
2025-05-21 20:41:04.840485,4,MOVEMENT,Positive,0.32929152,367.38462495245847,3
2025-05-21 20:41:04.917161,4,DROP,Neutral,0.036148578,0,4
2025-05-21 20:41:05.008035,4,DROP,Positive,0.2593151,0,4
2025-05-21 20:41:05.074737,4,DROP,Neutral,0.18217157,0,4
2025-05-21 20:41:05.156595,4,DROP,Positive,0.30359295,0,4
2025-05-21 20:41:05.241620,4,DROP,Positive,0.35092264,0,4
2025-05-21 20:41:05.308314,4,DROP,Positive,0.40736574,0,4
2025-05-21 20:41:05.376237,4,DROP,Positive,0.4044571,0,4
2025-05-21 20:41:05.442226,4,DROP,Positive,0.42419958,0,4
2025-05-21 20:41:05.508769,4,DROP,Positive,0.31177378,0,4
2025-05-21 20:41:05.575504,4,DROP,Positive,0.4083515,0,4
2025-05-21 20:41:05.642211,4,DROP,Positive,0.41088608,0,4
2025-05-21 20:41:05.708677,4,DROP,Positive,0.40613848,0,4
2025-05-21 20:41:05.775294,4,DROP,Positive,0.37309888,0,4
2025-05-21 20:41:05.841896,4,DROP,Positive,0.33259228,0,4
2025-05-21 20:41:05.908278,4,DROP,Positive,0.36873424,0,4
2025-05-21 20:41:05.975549,4,DROP,Positive,0.24920991,0,4
2025-05-21 20:41:06.041413,5,MOVEMENT,Positive,0.25109842,0,4
2025-05-21 20:41:06.106312,5,MOVEMENT,Positive,0.21219763,524.9555946716123,4
2025-05-21 20:41:06.176666,5,DROP,Neutral,0.16546004,0,4
2025-05-21 20:41:06.242076,5,DROP,Neutral,0.16025889,0,4
2025-05-21 20:41:06.308149,5,MOVEMENT,Neutral,0.15299578,0,4
2025-05-21 20:41:06.374559,5,MOVEMENT,Positive,0.25129807,289.6591342127245,4
2025-05-21 20:41:06.442580,5,MOVEMENT,Positive,0.25140518,172.3037157069294,4
2025-05-21 20:41:06.508224,5,MOVEMENT,Positive,0.29806495,76.25202640968357,4
2025-05-21 20:41:06.575744,5,MOVEMENT,Positive,0.2682478,101.58900315635942,4
2025-05-21 20:41:06.641507,5,MOVEMENT,Positive,0.25306106,146.28577202467008,4
2025-05-21 20:41:06.704839,5,MOVEMENT,Positive,0.25150606,188.50277735995502,4
2025-05-21 20:41:06.774965,5,MOVEMENT,Positive,0.25109807,225.23682135805942,4
2025-05-21 20:41:06.842640,5,MOVEMENT,Positive,0.23209661,277.68349043259076,4
2025-05-21 20:41:06.908932,5,MOVEMENT,Positive,0.24308652,282.0781727371549,4
2025-05-21 20:41:06.970548,5,MOVEMENT,Positive,0.30328062,287.9612973738018,4
2025-05-21 20:41:07.041922,5,MOVEMENT,Positive,0.2911216,312.9277568028189,4
2025-05-21 20:41:07.107419,5,MOVEMENT,Neutral,0.1935639,317.8378594890804,4
2025-05-21 20:41:07.175761,5,MOVEMENT,Neutral,0.13844019,340.3709514737982,4
2025-05-21 20:41:07.241864,5,MOVEMENT,Neutral,0.04716111,341.52404774346155,4
2025-05-21 20:41:07.309754,5,MOVEMENT,Neutral,0.059808284,348.8174069871069,4
2025-05-21 20:41:07.373861,5,MOVEMENT,Neutral,0.063536,352.9381348471878,4
2025-05-21 20:41:07.442446,5,MOVEMENT,Neutral,0.13447788,349.3775059092007,4
2025-05-21 20:41:07.508612,5,MOVEMENT,Neutral,0.12973663,353.2106514146921,4
2025-05-21 20:41:07.575322,5,MOVEMENT,Neutral,0.16782142,358.09251770105556,4
2025-05-21 20:41:07.638344,5,MOVEMENT,Neutral,0.143065,365.0710017472363,4
2025-05-21 20:41:07.708178,5,MOVEMENT,Neutral,0.14177747,370.5695573940466,4
2025-05-21 20:41:07.775389,5,MOVEMENT,Neutral,0.026653487,377.1189603799637,4
2025-05-21 20:41:07.841847,5,MOVEMENT,Neutral,-0.031224549,378.3912287272978,4
2025-05-21 20:41:07.908124,5,MOVEMENT,Neutral,0.027119882,380.69400421837383,4
2025-05-21 20:41:07.976092,5,MOVEMENT,Neutral,0.0028777588,384.3774329958376,4
2025-05-21 20:41:08.040685,5,MOVEMENT,Neutral,-0.114296265,387.344126876257,4
2025-05-21 20:41:08.110477,5,MOVEMENT,Neutral,-0.08882231,382.0417278557117,4
2025-05-21 20:41:08.174026,5,MOVEMENT,Neutral,-0.0791572,383.61805503389866,4
2025-05-21 20:41:08.243583,5,MOVEMENT,Neutral,-0.019797768,380.9390344201103,4
2025-05-21 20:41:08.309720,5,MOVEMENT,Neutral,-0.05987376,380.68030788732517,4
2025-05-21 20:41:08.376701,5,MOVEMENT,Neutral,0.026641443,375.5603543797376,4
2025-05-21 20:41:08.443165,5,MOVEMENT,Neutral,0.1970479,373.89542478373943,4
2025-05-21 20:41:08.509560,5,MOVEMENT,Positive,0.2783333,368.0557394889023,4
2025-05-21 20:41:08.575935,5,MOVEMENT,Neutral,0.18192765,362.5259852911724,4
2025-05-21 20:41:08.637491,5,MOVEMENT,Neutral,0.058262967,356.7698667405688,4
2025-05-21 20:41:08.728505,5,MOVEMENT,Neutral,-0.07052027,348.3261105832686,4
2025-05-21 20:41:08.793611,5,MOVEMENT,Neutral,-0.029863123,340.6034986555058,4
2025-05-21 20:41:08.864146,5,MOVEMENT,Negative,-0.12625729,333.6117469871841,4
2025-05-21 20:41:08.930668,5,DROP,Negative,-0.09548118,0,5
2025-05-21 20:41:08.996274,5,DROP,Negative,-0.1698049,0,5
2025-05-21 20:41:09.063963,5,DROP,Neutral,-0.064271286,0,5
2025-05-21 20:41:09.129698,5,DROP,Neutral,-0.06793444,0,5
2025-05-21 20:41:09.194813,5,DROP,Neutral,-0.03389874,0,5
2025-05-21 20:41:09.260824,5,DROP,Neutral,-0.09241316,0,5
2025-05-21 20:41:09.330197,5,DROP,Neutral,0.085681185,0,5
2025-05-21 20:41:09.397436,5,DROP,Positive,0.19198951,0,5
2025-05-21 20:41:09.463840,5,DROP,Neutral,0.17071058,0,5
2025-05-21 20:41:09.530536,5,DROP,Neutral,0.01752165,0,5
2025-05-21 20:41:09.595935,5,DROP,Neutral,0.10133843,0,5
2025-05-21 20:41:09.662811,5,DROP,Neutral,0.15989444,0,5
2025-05-21 20:41:09.728614,5,DROP,Neutral,0.104727164,0,5
2025-05-21 20:41:09.793453,5,DROP,Neutral,0.111151285,0,5
2025-05-21 20:41:09.863237,5,DROP,Neutral,-0.109469116,0,5
2025-05-21 20:41:09.925020,5,DROP,Neutral,0.008238457,0,5
2025-05-21 20:41:10.012418,5,DROP,Neutral,-0.14781949,0,5
2025-05-21 20:41:10.077052,5,DROP,Neutral,-0.19407913,0,5
2025-05-21 20:41:10.141873,5,DROP,Neutral,-0.14856786,0,5
2025-05-21 20:41:10.205462,5,DROP,Negative,-0.24821222,0,5
2025-05-21 20:41:10.276926,6,MOVEMENT,Neutral,-0.10505849,0,5
2025-05-21 20:41:10.343731,6,MOVEMENT,Neutral,-0.06680098,132.5034819409882,5
2025-05-21 20:41:10.410342,6,MOVEMENT,Neutral,-0.088636465,72.8516109760213,5
2025-05-21 20:41:10.477553,6,MOVEMENT,Neutral,-0.12990618,72.78085210004785,5
2025-05-21 20:41:10.542634,6,MOVEMENT,Negative,-0.19260535,68.64782148396809,5
2025-05-21 20:41:10.611494,6,MOVEMENT,Neutral,-0.19413903,86.91508200629569,5
2025-05-21 20:41:10.676027,6,MOVEMENT,Neutral,-0.1632467,101.32630953783446,5
2025-05-21 20:41:10.744636,6,MOVEMENT,Neutral,-0.110942185,144.635236612669,5
2025-05-21 20:41:10.810116,6,MOVEMENT,Neutral,-0.09048942,170.6655768582122,5
2025-05-21 20:41:10.879341,6,MOVEMENT,Negative,0.017354343,198.42318459375042,5
2025-05-21 20:41:10.943682,6,MOVEMENT,Negative,-0.038915407,209.59516794003255,5
2025-05-21 20:41:11.011036,6,MOVEMENT,Negative,-0.11497261,241.66366173232768,5
2025-05-21 20:41:11.077148,6,MOVEMENT,Negative,-0.10143524,259.6417947026936,5
2025-05-21 20:41:11.144779,6,MOVEMENT,Neutral,-0.080480844,282.6958210380163,5
2025-05-21 20:41:11.209121,6,MOVEMENT,Neutral,-0.1104504,304.5189792189339,5
2025-05-21 20:41:11.276330,6,MOVEMENT,Negative,-0.19464321,321.2186298971585,5
2025-05-21 20:41:11.344421,6,MOVEMENT,Neutral,-0.117749274,339.730638438012,5
2025-05-21 20:41:11.411258,6,MOVEMENT,Neutral,-0.055874083,350.0842412644173,5
2025-05-21 20:41:11.474718,6,MOVEMENT,Neutral,-0.08518289,361.2868726867608,5
2025-05-21 20:41:11.547365,6,MOVEMENT,Neutral,0.0054237684,376.10599680647596,5
2025-05-21 20:41:11.613335,6,MOVEMENT,Neutral,0.0856525,375.6281021270854,5
2025-05-21 20:41:11.677998,6,MOVEMENT,Neutral,-0.04152351,383.16480386957505,5
2025-05-21 20:41:11.746745,6,MOVEMENT,Neutral,-0.07981883,385.7250754575308,5
2025-05-21 20:41:11.813740,6,MOVEMENT,Neutral,-0.17478624,385.3535552098798,5
2025-05-21 20:41:11.879845,6,MOVEMENT,Neutral,-0.292658,392.81845271157187,5
2025-05-21 20:41:11.946105,6,MOVEMENT,Neutral,-0.29274327,396.1658002603347,5
2025-05-21 20:41:12.013668,6,MOVEMENT,Neutral,-0.27934042,397.89581307445184,5
2025-05-21 20:41:12.080467,6,MOVEMENT,Neutral,-0.2665048,400.7815264049773,5
2025-05-21 20:41:12.146610,6,MOVEMENT,Neutral,-0.23165542,401.76261749999526,5
2025-05-21 20:41:12.214027,6,MOVEMENT,Neutral,-0.14373454,403.69356746082684,5
2025-05-21 20:41:12.280070,6,MOVEMENT,Neutral,-0.1089032,401.0174703909571,5
2025-05-21 20:41:12.346068,6,MOVEMENT,Neutral,-0.14195573,399.02230051261677,5
2025-05-21 20:41:12.411129,6,MOVEMENT,Neutral,-0.13421589,394.81491529956895,5
2025-05-21 20:41:12.479961,6,MOVEMENT,Neutral,-0.17044999,386.1678171352516,5
2025-05-21 20:41:12.546478,6,MOVEMENT,Neutral,-0.05095825,378.06911525821096,5
2025-05-21 20:41:12.613576,6,MOVEMENT,Neutral,-0.028893812,373.039899890507,5
2025-05-21 20:41:12.679601,6,MOVEMENT,Negative,-0.021967344,366.70388309938295,5
2025-05-21 20:41:12.747034,6,MOVEMENT,Neutral,-0.018783562,359.6032416866778,5
2025-05-21 20:41:12.813673,6,MOVEMENT,Neutral,0.07408128,353.4820695844204,5
2025-05-21 20:41:12.879567,6,DROP,Negative,0.24841735,0,6
2025-05-21 20:41:12.947253,6,DROP,Positive,0.3730875,0,6
2025-05-21 20:41:13.014109,6,DROP,Positive,0.36461797,0,6
2025-05-21 20:41:13.080611,6,DROP,Positive,0.4398857,0,6
2025-05-21 20:41:13.146401,6,DROP,Positive,0.43653193,0,6
2025-05-21 20:41:13.209982,6,DROP,Positive,0.39556196,0,6
2025-05-21 20:41:13.279976,6,DROP,Positive,0.43119693,0,6
2025-05-21 20:41:13.346728,6,DROP,Positive,0.44727284,0,6
2025-05-21 20:41:13.413610,6,DROP,Positive,0.4997673,0,6
2025-05-21 20:41:13.477542,6,DROP,Positive,0.44876748,0,6
2025-05-21 20:41:13.547530,6,DROP,Positive,0.5385625,0,6
2025-05-21 20:41:13.613446,6,DROP,Positive,0.48448217,0,6
2025-05-21 20:41:13.680100,6,DROP,Positive,0.53516024,0,6
2025-05-21 20:41:13.746559,6,DROP,Positive,0.57491934,0,6
2025-05-21 20:41:13.810193,6,DROP,Positive,0.58440095,0,6
2025-05-21 20:41:13.874641,6,DROP,Positive,0.6210827,0,6
2025-05-21 20:41:13.947421,6,DROP,Positive,0.5936402,0,6
2025-05-21 20:41:14.012960,6,DROP,Positive,0.5352548,0,6
2025-05-21 20:41:14.079777,6,DROP,Positive,0.5389583,0,6
2025-05-21 20:41:14.147494,6,DROP,Positive,0.51756364,0,6
2025-05-21 20:41:14.213590,6,DROP,Positive,0.45986632,0,6
2025-05-21 20:41:14.280500,7,MOVEMENT,Positive,0.4748999,0,6
2025-05-21 20:41:14.347291,7,MOVEMENT,Positive,0.4417106,500.7682103260573,6
2025-05-21 20:41:14.413652,7,MOVEMENT,Positive,0.52632284,253.7635792509155,6
2025-05-21 20:41:14.480050,7,MOVEMENT,Positive,0.57358414,168.2162899386194,6
2025-05-21 20:41:14.546790,7,MOVEMENT,Positive,0.50339055,123.07726788228786,6
2025-05-21 20:41:14.612858,7,MOVEMENT,Positive,0.5216953,80.87148755590314,6
2025-05-21 20:41:14.680755,7,MOVEMENT,Positive,0.50877094,70.52635500411962,6
2025-05-21 20:41:14.743304,7,MOVEMENT,Positive,0.5167126,65.1086512557801,6
2025-05-21 20:41:14.813228,7,MOVEMENT,Positive,0.49633506,67.71552800231409,6
2025-05-21 20:41:14.880670,7,MOVEMENT,Positive,0.48772284,109.66198192719426,6
2025-05-21 20:41:14.944478,7,MOVEMENT,Positive,0.4850156,134.6424561318406,6
2025-05-21 20:41:15.014022,7,MOVEMENT,Positive,0.49024928,180.22652610286414,6
2025-05-21 20:41:15.076256,7,MOVEMENT,Positive,0.44235742,218.10374190571713,6
2025-05-21 20:41:15.146034,7,MOVEMENT,Positive,0.48024994,250.77880881422624,6
2025-05-21 20:41:15.214211,7,MOVEMENT,Positive,0.41881076,284.2526073794685,6
2025-05-21 20:41:15.279512,7,MOVEMENT,Positive,0.4306418,314.63084323267844,6
2025-05-21 20:41:15.346718,7,MOVEMENT,Positive,0.4464196,332.2020575567981,6
2025-05-21 20:41:15.412767,7,MOVEMENT,Positive,0.43367505,348.5139305497358,6
2025-05-21 20:41:15.479972,7,MOVEMENT,Positive,0.3510292,365.74049655022986,6
2025-05-21 20:41:15.546486,7,MOVEMENT,Positive,0.2751002,376.2734880594958,6
2025-05-21 20:41:15.610885,7,MOVEMENT,Negative,0.020192116,384.62250713305025,6
2025-05-21 20:41:15.680983,7,MOVEMENT,Positive,0.28085086,388.72474989244546,6
2025-05-21 20:41:15.747160,7,MOVEMENT,Positive,0.5168926,396.35371397809377,6
2025-05-21 20:41:15.810998,7,MOVEMENT,Positive,0.41189575,400.31473010182003,6
2025-05-21 20:41:15.879701,7,MOVEMENT,Positive,0.4197762,406.3799989851111,6
2025-05-21 20:41:15.944153,7,MOVEMENT,Positive,0.25226358,409.37361761500074,6
2025-05-21 20:41:16.013246,7,MOVEMENT,Neutral,0.17884,414.45124927240914,6
2025-05-21 20:41:16.079873,7,MOVEMENT,Neutral,0.094721235,410.5978585724281,6
2025-05-21 20:41:16.143758,7,MOVEMENT,Positive,0.313418,413.20137820175523,6
2025-05-21 20:41:16.232810,7,MOVEMENT,Neutral,0.11849601,411.4287184424675,6
2025-05-21 20:41:16.297307,7,MOVEMENT,Positive,0.23139788,403.63242862832516,6
2025-05-21 20:41:16.362791,7,DROP,Positive,0.23989211,0,7
2025-05-21 20:41:16.430572,7,DROP,Positive,0.26880136,0,7
2025-05-21 20:41:16.496346,7,DROP,Positive,0.28661636,0,7
2025-05-21 20:41:16.564977,7,DROP,Positive,0.30469692,0,7
2025-05-21 20:41:16.629654,7,DROP,Neutral,0.16796048,0,7
2025-05-21 20:41:16.697919,7,DROP,Neutral,0.1324936,0,7
2025-05-21 20:41:16.765292,7,DROP,Neutral,0.01662752,0,7
2025-05-21 20:41:16.830519,7,DROP,Neutral,-0.16526242,0,7
2025-05-21 20:41:16.896484,7,DROP,Negative,-0.07347364,0,7
2025-05-21 20:41:16.966108,7,DROP,Positive,0.24933708,0,7
2025-05-21 20:41:17.029766,7,DROP,Neutral,-0.008634713,0,7
2025-05-21 20:41:17.099196,7,DROP,Neutral,-0.013239946,0,7
2025-05-21 20:41:17.164857,7,DROP,Neutral,0.010445602,0,7
2025-05-21 20:41:17.232785,7,DROP,Negative,0.13289757,0,7
2025-05-21 20:41:17.298543,7,DROP,Positive,0.13254449,0,7
2025-05-21 20:41:17.363318,7,DROP,Neutral,0.06178188,0,7
2025-05-21 20:41:17.431567,7,DROP,Neutral,0.009523809,0,7
2025-05-21 20:41:17.495925,7,DROP,Neutral,-0.040625505,0,7
2025-05-21 20:41:17.582757,7,DROP,Negative,-0.2484754,0,7
2025-05-21 20:41:17.643834,8,MOVEMENT,Negative,-0.2674976,0,7
2025-05-21 20:41:17.713683,8,MOVEMENT,Neutral,-0.24584119,390.7583920357353,7
2025-05-21 20:41:17.780137,8,MOVEMENT,Negative,-0.2802109,360.70637909790594,7
2025-05-21 20:41:17.846656,8,MOVEMENT,Negative,-0.2785772,240.6620940897452,7
2025-05-21 20:41:17.913818,8,MOVEMENT,Negative,-0.2430616,144.36619079672414,7
2025-05-21 20:41:17.980484,8,MOVEMENT,Negative,-0.23090711,120.31232067341087,7
2025-05-21 20:41:18.046683,8,MOVEMENT,Negative,-0.16456884,106.23110572159968,7
2025-05-21 20:41:18.113339,8,MOVEMENT,Negative,-0.14360404,112.9242199194501,7
2025-05-21 20:41:18.181445,8,MOVEMENT,Negative,-0.13343966,135.64950630577007,7
2025-05-21 20:41:18.246972,8,MOVEMENT,Negative,-0.29298195,168.47497434718184,7
2025-05-21 20:41:18.313338,8,MOVEMENT,Negative,-0.3051719,178.70363007844108,7
2025-05-21 20:41:18.380003,8,MOVEMENT,Negative,-0.26328075,206.78403183535048,7
2025-05-21 20:41:18.446555,8,MOVEMENT,Negative,-0.22838254,231.70791842523386,7
2025-05-21 20:41:18.513575,8,MOVEMENT,Negative,-0.19373356,256.5174261160636,7
2025-05-21 20:41:18.581250,8,MOVEMENT,Negative,-0.18133487,285.91067783783524,7
2025-05-21 20:41:18.647430,8,MOVEMENT,Neutral,-0.12752324,309.4220329223362,7
2025-05-21 20:41:18.709426,8,MOVEMENT,Neutral,-0.16469657,325.28404685179925,7
2025-05-21 20:41:18.781932,8,MOVEMENT,Negative,-0.32445002,340.1096947862865,7
2025-05-21 20:41:18.846072,8,MOVEMENT,Negative,-0.19790234,347.9132283308213,7
2025-05-21 20:41:18.915046,8,MOVEMENT,Negative,-0.14868335,356.4086597266988,7
2025-05-21 20:41:18.981614,8,MOVEMENT,Negative,-0.2585253,365.4571337110718,7
2025-05-21 20:41:19.047272,8,MOVEMENT,Neutral,-0.26051828,366.96218826976445,7
2025-05-21 20:41:19.115602,8,MOVEMENT,Neutral,-0.19419628,371.2947785251232,7
2025-05-21 20:41:19.180404,8,MOVEMENT,Negative,-0.3269242,374.4145306422128,7
2025-05-21 20:41:19.248936,8,MOVEMENT,Neutral,-0.24070325,379.7392853349729,7
2025-05-21 20:41:19.313303,8,MOVEMENT,Neutral,-0.21622613,377.22731487939814,7
2025-05-21 20:41:19.381949,8,MOVEMENT,Neutral,-0.3262431,374.39468227623723,7
2025-05-21 20:41:19.446152,8,MOVEMENT,Negative,-0.39516526,372.3240561492586,7
2025-05-21 20:41:19.514035,8,MOVEMENT,Neutral,-0.3549059,377.23801731951863,7
2025-05-21 20:41:19.581033,8,MOVEMENT,Neutral,-0.2746796,372.2748768228125,7
2025-05-21 20:41:19.648289,8,MOVEMENT,Neutral,-0.30502072,370.783816672453,7
2025-05-21 20:41:19.713264,8,MOVEMENT,Neutral,-0.3060092,367.8925896856203,7
2025-05-21 20:41:19.786502,8,MOVEMENT,Neutral,-0.30897596,361.378913404528,7
2025-05-21 20:41:19.883755,8,MOVEMENT,Neutral,-0.27482033,354.40939932153304,7
2025-05-21 20:41:19.948819,8,MOVEMENT,Neutral,-0.26595822,345.8051150722762,7
2025-05-21 20:41:20.015318,8,MOVEMENT,Negative,-0.30396822,339.61332529973896,7
2025-05-21 20:41:20.080110,8,DROP,Negative,-0.26975018,0,8
2025-05-21 20:41:20.149123,8,DROP,Negative,-0.28624126,0,8
2025-05-21 20:41:20.213705,8,DROP,Negative,-0.23352696,0,8
2025-05-21 20:41:20.281660,8,DROP,Negative,-0.39499557,0,8
2025-05-21 20:41:20.349182,8,DROP,Negative,-0.29635307,0,8
2025-05-21 20:41:20.413825,8,DROP,Neutral,-0.29896003,0,8
2025-05-21 20:41:20.479521,8,DROP,Negative,-0.30049324,0,8
2025-05-21 20:41:20.548948,8,DROP,Negative,-0.31510726,0,8
2025-05-21 20:41:20.613880,8,DROP,Negative,-0.2922905,0,8
2025-05-21 20:41:20.682911,8,DROP,Neutral,-0.20048425,0,8
2025-05-21 20:41:20.747837,8,DROP,Neutral,-0.23261176,0,8
2025-05-21 20:41:20.815882,8,DROP,Neutral,-0.16517887,0,8
2025-05-21 20:41:20.880024,8,DROP,Neutral,-0.026424993,0,8
2025-05-21 20:41:20.948999,8,DROP,Neutral,-0.1271202,0,8
2025-05-21 20:41:21.015048,8,DROP,Neutral,-0.19022316,0,8
2025-05-21 20:41:21.080794,8,DROP,Neutral,-0.25495774,0,8
2025-05-21 20:41:21.148448,8,DROP,Neutral,-0.24184206,0,8
2025-05-21 20:41:21.215455,8,DROP,Negative,-0.29507262,0,8
2025-05-21 20:41:21.281150,9,MOVEMENT,Neutral,-0.2702361,0,8
2025-05-21 20:41:21.350271,9,MOVEMENT,Negative,-0.27273408,404.0358270156667,8
2025-05-21 20:41:21.415593,9,MOVEMENT,Negative,-0.29575336,263.9684593459521,8
2025-05-21 20:41:21.480743,9,MOVEMENT,Negative,-0.26224387,121.811177360737,8
2025-05-21 20:41:21.549423,9,MOVEMENT,Negative,-0.3125924,58.66061622258637,8
2025-05-21 20:41:21.613820,9,MOVEMENT,Negative,-0.25500658,9.4753883362182,8
2025-05-21 20:41:21.680759,9,MOVEMENT,Negative,-0.23493266,76.99209304475228,8
2025-05-21 20:41:21.749064,9,MOVEMENT,Negative,-0.24721146,116.29949249288286,8
2025-05-21 20:41:21.817368,9,MOVEMENT,Neutral,-0.2307536,148.39781714470337,8
2025-05-21 20:41:21.881038,9,MOVEMENT,Negative,-0.24524362,171.2066281572198,8
2025-05-21 20:41:21.949763,9,MOVEMENT,Negative,-0.26797357,184.22175720056745,8
2025-05-21 20:41:22.014755,9,MOVEMENT,Negative,-0.299967,210.1459850565241,8
2025-05-21 20:41:22.080087,9,MOVEMENT,Neutral,-0.263343,231.04047898023168,8
2025-05-21 20:41:22.151107,9,MOVEMENT,Neutral,-0.30219114,239.3387621247653,8
2025-05-21 20:41:22.215599,9,MOVEMENT,Negative,-0.31824493,246.1272690464556,8
2025-05-21 20:41:22.281100,9,MOVEMENT,Negative,-0.3039583,258.7909720043511,8
2025-05-21 20:41:22.350968,9,MOVEMENT,Negative,-0.27550024,263.2970272241655,8
2025-05-21 20:41:22.415689,9,MOVEMENT,Negative,-0.28686628,268.38241144145223,8
2025-05-21 20:41:22.482865,9,MOVEMENT,Negative,-0.2472811,274.7591351696445,8
2025-05-21 20:41:22.549284,9,MOVEMENT,Negative,-0.25500655,278.512228995858,8
2025-05-21 20:41:22.616038,9,MOVEMENT,Negative,-0.26163658,283.23163119254383,8
2025-05-21 20:41:22.681732,9,MOVEMENT,Negative,-0.24326482,287.5452576999792,8
2025-05-21 20:41:22.751031,9,MOVEMENT,Negative,-0.26786825,288.5857018771019,8
2025-05-21 20:41:22.815110,9,MOVEMENT,Negative,-0.289597,290.1722068352216,8
2025-05-21 20:41:22.880214,9,MOVEMENT,Negative,-0.26495254,291.4361369667692,8
2025-05-21 20:41:22.950478,9,MOVEMENT,Negative,-0.2644268,291.68145611929907,8
2025-05-21 20:41:23.018347,9,MOVEMENT,Neutral,-0.20261222,297.97245225303516,8
2025-05-21 20:41:23.083435,9,MOVEMENT,Neutral,-0.20217957,304.15783893240354,8
2025-05-21 20:41:23.149204,9,MOVEMENT,Neutral,-0.20689787,306.57025163089713,8
2025-05-21 20:41:23.216692,9,MOVEMENT,Neutral,-0.111742295,312.71809383170415,8
2025-05-21 20:41:23.284290,9,MOVEMENT,Neutral,-0.22001608,316.7970613789529,8
2025-05-21 20:41:23.350106,9,MOVEMENT,Neutral,-0.28204545,318.33503595187227,8
2025-05-21 20:41:23.414428,9,MOVEMENT,Neutral,-0.3484857,319.3600246416413,8
2025-05-21 20:41:23.482711,9,MOVEMENT,Negative,-0.35628924,317.0609147078266,8
2025-05-21 20:41:23.550206,9,MOVEMENT,Neutral,-0.33065337,313.63139157650727,8
2025-05-21 20:41:23.615278,9,MOVEMENT,Negative,-0.36027563,310.4571966269705,8
2025-05-21 20:41:23.684354,9,MOVEMENT,Negative,-0.34319675,307.4166713747493,8
2025-05-21 20:41:23.747986,9,MOVEMENT,Negative,-0.36831933,302.1398194870466,8
2025-05-21 20:41:23.816069,9,MOVEMENT,Negative,-0.37653965,295.3970521239651,8
2025-05-21 20:41:23.885037,9,MOVEMENT,Negative,-0.3775388,292.2316061028216,8
2025-05-21 20:41:23.950241,9,DROP,Negative,-0.35355955,0,9
2025-05-21 20:41:24.015562,9,DROP,Negative,-0.34754312,0,9
2025-05-21 20:41:24.083815,9,DROP,Negative,-0.36238998,0,9
2025-05-21 20:41:24.148691,9,DROP,Negative,-0.39831996,0,9
2025-05-21 20:41:24.217797,9,DROP,Neutral,-0.27670282,0,9
2025-05-21 20:41:24.281989,9,DROP,Neutral,-0.32410848,0,9
2025-05-21 20:41:24.348613,9,DROP,Neutral,-0.29147074,0,9
2025-05-21 20:41:24.417362,9,DROP,Negative,-0.34643114,0,9
2025-05-21 20:41:24.481869,9,DROP,Negative,-0.38022074,0,9
2025-05-21 20:41:24.549859,9,DROP,Negative,-0.32630706,0,9
2025-05-21 20:41:24.616363,9,DROP,Negative,-0.30780905,0,9
2025-05-21 20:41:24.684860,9,DROP,Negative,-0.31909376,0,9
2025-05-21 20:41:24.750568,9,DROP,Negative,-0.30400366,0,9
2025-05-21 20:41:24.815118,9,DROP,Negative,-0.24449773,0,9
2025-05-21 20:41:24.884141,9,DROP,Negative,-0.27572376,0,9
2025-05-21 20:41:24.949916,9,DROP,Negative,-0.30478552,0,9
2025-05-21 20:41:25.017080,9,DROP,Neutral,-0.24663861,0,9
2025-05-21 20:41:25.083126,9,DROP,Negative,-0.30133238,0,9
2025-05-21 20:41:25.148317,9,DROP,Negative,-0.25228903,0,9
2025-05-21 20:41:25.218677,9,DROP,Negative,-0.2835695,0,9
2025-05-21 20:41:25.283509,9,DROP,Negative,-0.25578126,0,9
2025-05-21 20:41:25.350292,10,MOVEMENT,Negative,-0.341627,0,9
2025-05-21 20:41:25.416059,10,MOVEMENT,Negative,-0.34889936,42.340591116045516,9
2025-05-21 20:41:25.486398,10,MOVEMENT,Negative,-0.2689876,121.72353034718407,9
2025-05-21 20:41:25.551369,10,MOVEMENT,Negative,-0.28855512,151.86970334729352,9
2025-05-21 20:41:25.617815,10,MOVEMENT,Negative,-0.28670767,169.44079806840207,9
2025-05-21 20:41:25.684757,10,MOVEMENT,Negative,-0.28704044,215.05523904262094,9
2025-05-21 20:41:25.749669,10,MOVEMENT,Negative,-0.30377448,233.9442410824884,9
2025-05-21 20:41:25.816867,10,MOVEMENT,Negative,-0.30278975,248.82412253156926,9
2025-05-21 20:41:25.883472,10,MOVEMENT,Negative,-0.28471094,261.91926827278166,9
2025-05-21 20:41:25.952718,10,MOVEMENT,Negative,-0.31148952,264.35881387921273,9
2025-05-21 20:41:26.017609,10,MOVEMENT,Negative,-0.301741,266.9370965142701,9
2025-05-21 20:41:26.082795,10,MOVEMENT,Negative,-0.29214722,277.62069720148696,9
2025-05-21 20:41:26.151381,10,MOVEMENT,Negative,-0.2704755,285.5342387862954,9
2025-05-21 20:41:26.217025,10,MOVEMENT,Negative,-0.2582565,297.773333079751,9
2025-05-21 20:41:26.285582,10,MOVEMENT,Neutral,-0.25432426,302.8763034149269,9
2025-05-21 20:41:26.352451,10,MOVEMENT,Negative,-0.26017758,313.8263617198664,9
2025-05-21 20:41:26.418134,10,MOVEMENT,Negative,-0.2820754,321.12681048963145,9
2025-05-21 20:41:26.484711,10,MOVEMENT,Negative,-0.3313334,330.46956230636766,9
2025-05-21 20:41:26.551829,10,MOVEMENT,Negative,-0.39635915,341.8236988992634,9
2025-05-21 20:41:26.615378,10,MOVEMENT,Negative,-0.3850989,356.1422150130801,9
2025-05-21 20:41:26.686481,10,MOVEMENT,Negative,-0.4106455,370.3395117516268,9
2025-05-21 20:41:26.749650,10,MOVEMENT,Negative,-0.3780545,378.12113528795635,9
2025-05-21 20:41:26.820402,10,MOVEMENT,Neutral,-0.27894753,384.1538021300511,9
2025-05-21 20:41:26.885525,10,MOVEMENT,Neutral,-0.2921005,385.8885893243472,9
2025-05-21 20:41:26.952678,10,MOVEMENT,Neutral,-0.311247,387.12641654849614,9
2025-05-21 20:41:27.019644,10,MOVEMENT,Negative,-0.3343618,383.6949437748848,9
2025-05-21 20:41:27.083716,10,MOVEMENT,Negative,-0.3478287,384.5203891318735,9
2025-05-21 20:41:27.148757,10,MOVEMENT,Negative,-0.39416742,385.31574212024145,9
2025-05-21 20:41:27.221240,10,MOVEMENT,Negative,-0.49488404,387.43480301991667,9
2025-05-21 20:41:27.288567,10,MOVEMENT,Negative,-0.4832108,391.40102193791205,9
2025-05-21 20:41:27.355308,10,MOVEMENT,Negative,-0.41326398,392.8494082782777,9
2025-05-21 20:41:27.415350,10,MOVEMENT,Negative,-0.4208193,389.28190714069194,9
2025-05-21 20:41:27.485424,10,MOVEMENT,Negative,-0.46260953,386.74018711237574,9
2025-05-21 20:41:27.553095,10,MOVEMENT,Negative,-0.44945443,376.1359404827784,9
2025-05-21 20:41:27.618562,10,MOVEMENT,Negative,-0.44846863,377.40850076653436,9
2025-05-21 20:41:27.686228,10,DROP,Negative,-0.46452412,0,10
2025-05-21 20:41:27.749583,10,DROP,Negative,-0.46982235,0,10
2025-05-21 20:41:27.815621,10,DROP,Negative,-0.43635893,0,10
2025-05-21 20:41:27.886901,10,DROP,Negative,-0.36631697,0,10
2025-05-21 20:41:27.951718,10,DROP,Negative,-0.38304356,0,10
2025-05-21 20:41:28.019644,10,DROP,Neutral,-0.29112524,0,10
2025-05-21 20:41:28.086060,10,DROP,Neutral,-0.22748435,0,10
2025-05-21 20:41:28.149220,10,DROP,Neutral,-0.3178437,0,10
2025-05-21 20:41:28.221295,10,DROP,Negative,-0.4310645,0,10
2025-05-21 20:41:28.284407,10,DROP,Negative,-0.35859817,0,10
2025-05-21 20:41:28.352444,10,DROP,Negative,-0.3881,0,10
2025-05-21 20:41:28.419442,10,DROP,Neutral,-0.33120978,0,10
2025-05-21 20:41:28.484352,10,DROP,Negative,-0.34510243,0,10
2025-05-21 20:41:28.551263,10,DROP,Negative,-0.36661237,0,10
2025-05-21 20:41:28.619794,10,DROP,Negative,-0.3715146,0,10
2025-05-21 20:41:28.683804,10,DROP,Neutral,-0.43942302,0,10
2025-05-21 20:41:28.754513,10,DROP,Negative,-0.46498564,0,10
2025-05-21 20:41:28.817749,10,DROP,Negative,-0.4250384,0,10
2025-05-21 20:41:28.887304,10,DROP,Negative,-0.4010217,0,10
2025-05-21 20:41:28.951877,10,DROP,Negative,-0.3951126,0,10
2025-05-21 20:41:29.018810,10,DROP,Negative,-0.45071578,0,10
2025-05-21 20:41:29.086998,10,DROP,Negative,-0.39160255,0,10
2025-05-21 20:41:29.153022,11,MOVEMENT,Negative,-0.40709764,0,10
2025-05-21 20:41:29.218614,11,MOVEMENT,Negative,-0.40063405,34.20803617599165,10
2025-05-21 20:41:29.285994,11,MOVEMENT,Negative,-0.39071566,75.04401492102969,10
2025-05-21 20:41:29.352975,11,MOVEMENT,Negative,-0.4245493,78.19450061693033,10
2025-05-21 20:41:29.420105,11,MOVEMENT,Negative,-0.46925157,104.34146288889383,10
2025-05-21 20:41:29.486059,11,MOVEMENT,Negative,-0.4932811,144.9883144954128,10
2025-05-21 20:41:29.552973,11,MOVEMENT,Negative,-0.4853803,175.88259171653308,10
2025-05-21 20:41:29.618240,11,MOVEMENT,Negative,-0.48533237,193.89407021499983,10
2025-05-21 20:41:29.686772,11,MOVEMENT,Negative,-0.4980713,194.42008834460773,10
2025-05-21 20:41:29.754135,11,MOVEMENT,Negative,-0.43735513,204.97033382548432,10
2025-05-21 20:41:29.819845,11,MOVEMENT,Negative,-0.44303113,219.78417178933307,10
2025-05-21 20:41:29.886537,11,MOVEMENT,Negative,-0.45544195,251.2628686901597,10
2025-05-21 20:41:29.954403,11,MOVEMENT,Negative,-0.44922432,272.8264348140601,10
2025-05-21 20:41:30.015496,11,MOVEMENT,Negative,-0.4473754,288.604666040255,10
2025-05-21 20:41:30.087121,11,MOVEMENT,Negative,-0.4786861,295.84544857618056,10
2025-05-21 20:41:30.152902,11,MOVEMENT,Negative,-0.48997232,299.8223083420632,10
2025-05-21 20:41:30.220631,11,MOVEMENT,Negative,-0.48711848,304.0445227384677,10
2025-05-21 20:41:30.286294,11,MOVEMENT,Negative,-0.47247514,305.2453095343395,10
2025-05-21 20:41:30.350651,11,MOVEMENT,Negative,-0.500798,299.2053969656755,10
2025-05-21 20:41:30.421640,11,MOVEMENT,Negative,-0.49301484,298.1535781658633,10
2025-05-21 20:41:30.486710,11,MOVEMENT,Negative,-0.49401987,294.0230018919963,10
2025-05-21 20:41:30.554050,11,MOVEMENT,Negative,-0.45121664,287.9869043817747,10
2025-05-21 20:41:30.621104,11,MOVEMENT,Negative,-0.4274678,284.8554492032335,10
2025-05-21 20:41:30.687788,11,MOVEMENT,Negative,-0.40064254,282.6920372835574,10
2025-05-21 20:41:30.754278,11,MOVEMENT,Negative,-0.43483123,275.58232088264975,10
2025-05-21 20:41:30.821443,11,MOVEMENT,Negative,-0.43263334,264.25605441423244,10
2025-05-21 20:41:30.888106,11,MOVEMENT,Negative,-0.44341496,256.8513683614635,10
2025-05-21 20:41:30.955350,11,MOVEMENT,Negative,-0.4271579,242.96232625512226,10
2025-05-21 20:41:31.021030,11,MOVEMENT,Negative,-0.42655635,232.20566875094252,10
2025-05-21 20:41:31.086700,11,MOVEMENT,Negative,-0.3939796,226.4599653777491,10
2025-05-21 20:41:31.153617,11,MOVEMENT,Negative,-0.3811298,223.48557183540123,10
2025-05-21 20:41:31.220448,11,MOVEMENT,Negative,-0.3538046,222.2912294729594,10
2025-05-21 20:41:31.287953,11,MOVEMENT,Negative,-0.38331127,220.61587957279696,10
2025-05-21 20:41:31.354257,11,MOVEMENT,Negative,-0.41978258,222.05976064637824,10
2025-05-21 20:41:31.421851,11,MOVEMENT,Negative,-0.43673694,219.81901210175656,10
2025-05-21 20:41:31.489202,11,MOVEMENT,Negative,-0.40762419,219.06728041315415,10
2025-05-21 20:41:31.554193,11,MOVEMENT,Negative,-0.43030268,215.6695670128032,10
2025-05-21 20:41:34.356616,12,MOVEMENT,Negative,-0.43363732,0,10
2025-05-21 20:41:34.422266,12,MOVEMENT,Negative,-0.43898317,123.41522510580307,10
2025-05-21 20:41:34.488765,12,MOVEMENT,Negative,-0.42586577,69.58575985611475,10
2025-05-21 20:41:34.555191,12,MOVEMENT,Negative,-0.4217563,31.767811827716276,10
2025-05-21 20:41:34.624132,12,MOVEMENT,Negative,-0.42599612,30.413423166990537,10
2025-05-21 20:41:34.689882,12,MOVEMENT,Negative,-0.43101773,38.27333735908324,10
2025-05-21 20:41:34.756489,12,MOVEMENT,Negative,-0.43183354,45.197146762870005,10
2025-05-21 20:41:34.824196,12,MOVEMENT,Negative,-0.4204576,69.79953337180858,10
2025-05-21 20:41:34.889679,12,MOVEMENT,Negative,-0.42372978,94.4677571602856,10
2025-05-21 20:41:34.956712,12,MOVEMENT,Negative,-0.40929076,103.32522793333317,10
2025-05-21 20:41:35.022763,12,MOVEMENT,Negative,-0.42107925,108.6154522978402,10
2025-05-21 20:41:35.088544,12,MOVEMENT,Negative,-0.41883045,114.6979085754203,10
2025-05-21 20:41:35.156220,12,MOVEMENT,Negative,-0.41395047,117.4223059481834,10
2025-05-21 20:41:35.222305,12,MOVEMENT,Negative,-0.4152724,120.97248578053811,10
2025-05-21 20:41:35.289739,12,MOVEMENT,Negative,-0.41637385,122.49276957533742,10
2025-05-21 20:41:35.355327,12,MOVEMENT,Negative,-0.44589305,122.44256229004715,10
2025-05-21 20:41:35.423388,12,MOVEMENT,Negative,-0.4329385,120.8405408050152,10
2025-05-21 20:41:35.489266,12,MOVEMENT,Negative,-0.4260514,116.33544939482718,10
2025-05-21 20:41:35.556596,12,MOVEMENT,Negative,-0.4462129,114.44032755163967,10
2025-05-21 20:41:36.490005,13,MOVEMENT,Negative,-0.43152645,0,10
2025-05-21 20:41:36.555892,13,MOVEMENT,Negative,-0.41956174,188.73259529684816,10
2025-05-21 20:41:36.622420,13,MOVEMENT,Negative,-0.4193071,153.51971877070986,10
2025-05-21 20:41:36.690920,13,MOVEMENT,Negative,-0.39768142,142.21715706267327,10
2025-05-21 20:41:36.757053,13,MOVEMENT,Negative,-0.39600986,125.42693457804224,10
2025-05-21 20:41:36.823543,13,MOVEMENT,Negative,-0.40010297,65.49804917030534,10
2025-05-21 20:41:36.890673,13,MOVEMENT,Negative,-0.39580354,40.06220756822262,10
2025-05-21 20:41:36.956995,13,MOVEMENT,Negative,-0.4096963,10.909347689794233,10
2025-05-21 20:41:37.023483,13,MOVEMENT,Negative,-0.42625582,31.18990790994011,10
2025-05-21 20:41:37.091610,13,MOVEMENT,Negative,-0.43100017,54.066863765232675,10
2025-05-21 20:41:37.157908,13,MOVEMENT,Negative,-0.40930596,88.0859434389198,10
2025-05-21 20:41:37.224949,13,MOVEMENT,Negative,-0.42089626,122.58663289193508,10
2025-05-21 20:41:37.290962,13,MOVEMENT,Negative,-0.44405675,158.91288407064044,10
2025-05-21 20:41:37.357169,13,MOVEMENT,Negative,-0.4729539,188.46120990324098,10
2025-05-21 20:41:37.424269,13,MOVEMENT,Negative,-0.48052728,204.4707585621668,10
2025-05-21 20:41:37.490687,13,MOVEMENT,Negative,-0.4849468,223.16470334100265,10
2025-05-21 20:41:37.559003,13,MOVEMENT,Negative,-0.46073568,232.87762732631475,10
2025-05-21 20:41:37.624242,13,MOVEMENT,Negative,-0.46061903,244.3183538173726,10
2025-05-21 20:41:37.691934,13,MOVEMENT,Negative,-0.43331957,258.69180772041256,10
2025-05-21 20:41:37.758225,13,MOVEMENT,Negative,-0.40227976,265.0528363879824,10
2025-05-21 20:41:37.824568,13,MOVEMENT,Negative,-0.41283602,278.8438806483241,10
2025-05-21 20:41:37.892967,13,MOVEMENT,Negative,-0.38050878,285.9254731879102,10
2025-05-21 20:41:37.958076,13,MOVEMENT,Negative,-0.38407677,288.9390846223054,10
2025-05-21 20:41:38.025225,13,MOVEMENT,Negative,-0.45175296,306.70260886926854,10
2025-05-21 20:41:38.089723,13,MOVEMENT,Negative,-0.45680237,319.51831583511563,10
2025-05-21 20:41:38.158836,13,MOVEMENT,Negative,-0.4076773,329.659672775603,10
2025-05-21 20:41:38.225242,13,MOVEMENT,Negative,-0.41840923,347.3146941071305,10
2025-05-21 20:41:38.291305,13,MOVEMENT,Negative,-0.32382172,349.89419422745004,10
2025-05-21 20:41:38.357824,13,MOVEMENT,Negative,-0.34616187,359.2399494735808,10
2025-05-21 20:41:38.425191,13,MOVEMENT,Negative,-0.33497,365.4534249956457,10
2025-05-21 20:41:38.491814,13,MOVEMENT,Negative,-0.38596272,369.60389737106107,10
2025-05-21 20:41:38.558811,13,MOVEMENT,Negative,-0.3774047,378.06043753030974,10
2025-05-21 20:41:38.625855,13,MOVEMENT,Negative,-0.4277477,375.12279156346784,10
2025-05-21 20:41:38.691654,13,MOVEMENT,Negative,-0.42578077,373.0227105837665,10
2025-05-21 20:41:38.758951,13,MOVEMENT,Negative,-0.40776518,367.34407321314603,10
2025-05-21 20:41:38.825614,13,MOVEMENT,Negative,-0.3915948,358.6362337264703,10
2025-05-21 20:41:38.895525,13,MOVEMENT,Negative,-0.42746758,357.2112492027701,10
2025-05-21 20:41:38.959738,13,DROP,Negative,-0.45050198,0,11
2025-05-21 20:41:39.025445,13,DROP,Negative,-0.47109932,0,11
2025-05-21 20:41:39.090349,13,DROP,Negative,-0.44268566,0,11
2025-05-21 20:41:39.158121,13,DROP,Negative,-0.4322819,0,11
2025-05-21 20:41:39.225572,13,DROP,Negative,-0.4296387,0,11
2025-05-21 20:41:39.291550,13,DROP,Negative,-0.4381028,0,11
2025-05-21 20:41:39.359270,13,DROP,Negative,-0.40221897,0,11
2025-05-21 20:41:39.425260,13,DROP,Neutral,-0.35371,0,11
2025-05-21 20:41:39.491202,13,DROP,Negative,-0.35534215,0,11
2025-05-21 20:41:39.558091,13,DROP,Negative,-0.37445688,0,11
2025-05-21 20:41:39.624654,13,DROP,Negative,-0.33454725,0,11
2025-05-21 20:41:39.691508,13,DROP,Negative,-0.38260192,0,11
2025-05-21 20:41:39.758371,13,DROP,Negative,-0.45236957,0,11
2025-05-21 20:41:39.823671,13,DROP,Negative,-0.46221876,0,11
2025-05-21 20:41:39.891805,13,DROP,Negative,-0.41510832,0,11
2025-05-21 20:41:39.958215,13,DROP,Negative,-0.42023647,0,11
2025-05-21 20:41:40.026393,13,DROP,Negative,-0.45325044,0,11
2025-05-21 20:41:40.091762,13,DROP,Negative,-0.44723338,0,11
2025-05-21 20:41:40.157763,13,DROP,Negative,-0.4378081,0,11
2025-05-21 20:41:40.224853,13,DROP,Negative,-0.43387774,0,11
2025-05-21 20:41:40.290842,13,DROP,Negative,-0.3997724,0,11
2025-05-21 20:41:40.358685,13,DROP,Negative,-0.37309125,0,11
2025-05-21 20:41:40.426178,13,DROP,Negative,-0.3827148,0,11
2025-05-21 20:41:40.692703,14,MOVEMENT,Negative,-0.3821003,0,11
2025-05-21 20:41:40.759040,14,MOVEMENT,Negative,-0.42342484,395.93862760004004,11
2025-05-21 20:41:40.823153,14,MOVEMENT,Negative,-0.4415438,289.93520375791326,11
2025-05-21 20:41:40.890593,14,MOVEMENT,Negative,-0.43020934,201.38837222185217,11
2025-05-21 20:41:40.959105,14,MOVEMENT,Negative,-0.45179808,160.99437193177334,11
2025-05-21 20:41:41.025792,14,MOVEMENT,Negative,-0.42544538,150.3391885139722,11
2025-05-21 20:41:41.092663,14,MOVEMENT,Negative,-0.40766346,125.75752145915183,11
2025-05-21 20:41:41.159694,14,MOVEMENT,Negative,-0.44539347,103.48176143849437,11
2025-05-21 20:41:41.226015,14,MOVEMENT,Negative,-0.46544477,87.37631570216784,11
2025-05-21 20:41:41.292829,14,MOVEMENT,Negative,-0.45656556,75.92589047499305,11
2025-05-21 20:41:41.359846,14,MOVEMENT,Negative,-0.45289454,71.10112559514427,11
2025-05-21 20:41:41.426660,14,MOVEMENT,Negative,-0.4402573,53.875203100165294,11
2025-05-21 20:41:41.493781,14,MOVEMENT,Negative,-0.40715134,47.5024179409122,11
2025-05-21 20:41:41.559474,14,MOVEMENT,Negative,-0.43019113,45.425390098248585,11
2025-05-21 20:41:41.626398,14,MOVEMENT,Negative,-0.4340201,53.855771176551244,11
2025-05-21 20:41:41.693200,14,MOVEMENT,Negative,-0.43000445,58.00208814509151,11
2025-05-21 20:41:41.760102,14,MOVEMENT,Negative,-0.42628953,44.86296529736556,11
2025-05-21 20:41:42.625756,15,MOVEMENT,Negative,-0.25455636,0,11
2025-05-21 20:41:42.693488,15,MOVEMENT,Negative,-0.20586741,105.73373882822617,11
2025-05-21 20:41:42.761408,15,MOVEMENT,Negative,-0.1674458,67.18443038328452,11
2025-05-21 20:41:42.825517,15,MOVEMENT,Negative,-0.16726881,90.93373826079103,11
2025-05-21 20:41:42.893014,15,MOVEMENT,Negative,-0.12209492,107.42813471157757,11
2025-05-21 20:41:42.960605,15,MOVEMENT,Negative,-0.16794698,119.16158951864803,11
2025-05-21 20:41:43.026492,15,MOVEMENT,Neutral,-0.07525395,142.82070628759786,11
2025-05-21 20:41:43.093671,15,MOVEMENT,Neutral,-0.03615499,151.36254023861912,11
2025-05-21 20:41:43.159348,15,MOVEMENT,Neutral,-0.019502468,154.8068720898238,11
2025-05-21 20:41:43.227436,15,MOVEMENT,Neutral,-0.004523168,181.23414255929114,11
2025-05-21 20:41:43.292714,15,MOVEMENT,Neutral,-0.067754135,196.39104910249057,11
2025-05-21 20:41:43.361534,15,MOVEMENT,Negative,-0.15725072,217.99854472785063,11
2025-05-21 20:41:43.425036,15,MOVEMENT,Neutral,-0.12231822,241.60136982809107,11
2025-05-21 20:41:43.494977,15,MOVEMENT,Negative,-0.18506786,269.80744622759323,11
2025-05-21 20:41:43.561777,15,MOVEMENT,Negative,-0.24290608,299.2195855821899,11
2025-05-21 20:41:43.626733,15,MOVEMENT,Negative,-0.23456828,325.95739734250304,11
2025-05-21 20:41:43.694494,15,MOVEMENT,Negative,-0.28837916,360.55811446628053,11
2025-05-21 20:41:43.759756,15,MOVEMENT,Negative,-0.33378297,379.4179589971868,11
2025-05-21 20:41:43.830140,15,MOVEMENT,Negative,-0.34061456,396.26763594436204,11
2025-05-21 20:41:43.896211,15,MOVEMENT,Negative,-0.24984114,398.6025117707299,11
2025-05-21 20:41:43.961311,15,MOVEMENT,Negative,-0.2106239,401.004830349891,11
2025-05-21 20:41:44.027657,15,MOVEMENT,Neutral,-0.18591759,412.33031839338344,11
2025-05-21 20:41:44.094936,15,MOVEMENT,Negative,-0.20838019,415.25026476074845,11
2025-05-21 20:41:44.160903,15,MOVEMENT,Neutral,-0.17480674,416.2884221850686,11
2025-05-21 20:41:44.226873,15,MOVEMENT,Neutral,-0.23731992,418.0331144048953,11
2025-05-21 20:41:44.296834,15,MOVEMENT,Neutral,-0.3288323,421.879658711692,11
2025-05-21 20:41:44.362738,15,MOVEMENT,Negative,-0.35935053,417.47466167506417,11
2025-05-21 20:41:44.427018,15,MOVEMENT,Negative,-0.3643276,418.51252542565226,11
2025-05-21 20:41:44.491986,15,MOVEMENT,Negative,-0.37265426,419.2802991311404,11
2025-05-21 20:41:44.562912,15,MOVEMENT,Negative,-0.39522228,416.49616997919634,11
2025-05-21 20:41:44.629926,15,MOVEMENT,Negative,-0.39525223,407.6161971144659,11
2025-05-21 20:41:44.696593,15,MOVEMENT,Negative,-0.35205287,401.84947042912523,11
2025-05-21 20:41:44.761042,15,MOVEMENT,Negative,-0.38042057,391.7205700099628,11
2025-05-21 20:41:44.830232,15,MOVEMENT,Negative,-0.39539942,384.92802315829806,11
2025-05-21 20:41:44.896584,15,MOVEMENT,Negative,-0.383937,377.4580896124431,11
2025-05-21 20:41:44.963385,15,MOVEMENT,Negative,-0.42355403,368.91428119492815,11
2025-05-21 20:41:45.029793,15,MOVEMENT,Negative,-0.40429428,362.1413049858226,11
2025-05-21 20:41:45.093446,15,MOVEMENT,Negative,-0.37193984,352.6054137614767,11
2025-05-21 20:41:45.163198,15,DROP,Negative,-0.35538065,0,12
2025-05-21 20:41:45.230181,15,DROP,Negative,-0.39465806,0,12
2025-05-21 20:41:45.292983,15,DROP,Negative,-0.39744765,0,12
2025-05-21 20:41:45.363589,15,DROP,Negative,-0.3672976,0,12
2025-05-21 20:41:45.430798,15,DROP,Negative,-0.35597408,0,12
2025-05-21 20:41:45.497518,15,DROP,Negative,-0.38974655,0,12
2025-05-21 20:41:45.555109,15,DROP,Neutral,-0.40333453,0,12
2025-05-21 20:41:45.630698,15,DROP,Negative,-0.4642632,0,12
2025-05-21 20:41:45.698221,15,DROP,Negative,-0.43106157,0,12
2025-05-21 20:41:45.764743,15,DROP,Negative,-0.3987585,0,12
2025-05-21 20:41:45.830602,15,DROP,Negative,-0.4269558,0,12
2025-05-21 20:41:45.897458,15,DROP,Negative,-0.39072192,0,12
2025-05-21 20:41:45.964400,15,DROP,Negative,-0.3749435,0,12
2025-05-21 20:41:46.030985,15,DROP,Negative,-0.36871675,0,12
2025-05-21 20:41:46.097240,15,DROP,Negative,-0.4041186,0,12
2025-05-21 20:41:46.165421,15,DROP,Neutral,-0.33598688,0,12
2025-05-21 20:41:46.230821,15,DROP,Negative,-0.4398784,0,12
2025-05-21 20:41:46.297158,15,DROP,Negative,-0.4254215,0,12
2025-05-21 20:41:46.364315,15,DROP,Negative,-0.36705053,0,12
2025-05-21 20:41:46.430521,15,DROP,Neutral,-0.3278693,0,12
2025-05-21 20:41:46.497891,15,DROP,Neutral,-0.3482639,0,12
2025-05-21 20:41:46.564594,15,DROP,Neutral,-0.2722993,0,12
