Timestamp,Letter,Emotion,Movement Speed,Avg Error Distance
2025-05-16 17:51:24,A,Neutral,0.00,0.00
2025-05-16 17:51:24,A,Neutral,0.00,0.00
2025-05-16 17:51:24,A,Neutral,0.00,0.00
2025-05-16 17:51:24,A,Neutral,0.00,0.00
2025-05-16 17:51:24,A,Negative,0.00,0.00
2025-05-16 17:51:24,A,Neutral,0.00,0.00
2025-05-16 17:51:24,A,Neutral,0.00,0.00
2025-05-16 17:51:24,A,Negative,0.00,0.00
2025-05-16 17:51:24,A,Neutral,0.00,0.00
2025-05-16 17:51:24,A,Neutral,0.00,0.00
2025-05-16 17:51:24,A,Neutral,0.00,0.00
2025-05-16 17:51:24,A,Neutral,0.00,0.00
2025-05-16 17:51:24,A,Neutral,0.00,0.00
2025-05-16 17:51:24,A,Neutral,0.00,0.00
2025-05-16 17:51:24,A,Neutral,187.60,21.73
2025-05-16 17:51:25,A,Neutral,256.73,21.84
2025-05-16 17:51:25,A,Neutral,125.16,21.61
2025-05-16 17:51:25,A,Neutral,142.66,21.17
2025-05-16 17:51:25,A,Neutral,394.86,20.43
2025-05-16 17:51:25,A,Neutral,446.02,19.74
2025-05-16 17:51:25,A,Neutral,559.63,19.23
2025-05-16 17:51:25,A,Neutral,662.57,18.88
2025-05-16 17:51:25,A,Neutral,558.32,18.58
2025-05-16 17:51:25,A,Neutral,0.00,18.58
2025-05-16 17:51:25,A,Neutral,0.00,18.58
2025-05-16 17:51:25,A,Neutral,0.00,18.58
2025-05-16 17:51:25,A,Neutral,0.00,18.58
2025-05-16 17:51:25,A,Neutral,0.00,18.58
2025-05-16 17:51:25,A,Neutral,0.00,18.58
2025-05-16 17:51:25,A,Neutral,790.71,16.91
2025-05-16 17:51:26,A,Neutral,660.28,15.70
2025-05-16 17:51:26,A,Neutral,287.32,14.58
2025-05-16 17:51:26,A,Neutral,278.92,13.53
2025-05-16 17:51:26,A,Neutral,405.17,12.78
2025-05-16 17:51:26,A,Neutral,389.75,12.17
2025-05-16 17:51:26,A,Neutral,239.24,11.57
2025-05-16 17:51:26,A,Neutral,101.97,10.94
2025-05-16 17:51:26,A,Neutral,224.46,10.35
2025-05-16 17:51:26,A,Neutral,404.21,9.84
2025-05-16 17:51:26,A,Neutral,591.61,9.36
2025-05-16 17:51:26,A,Neutral,511.47,9.00
2025-05-16 17:51:26,A,Neutral,296.49,8.85
2025-05-16 17:51:26,A,Neutral,165.88,8.84
2025-05-16 17:51:26,A,Neutral,165.58,8.93
2025-05-16 17:51:27,A,Negative,93.02,9.01
2025-05-16 17:51:27,A,Negative,315.67,8.95
2025-05-16 17:51:27,A,Neutral,262.71,8.76
2025-05-16 17:51:27,A,Neutral,551.62,8.57
2025-05-16 17:51:27,A,Neutral,487.34,8.34
2025-05-16 17:51:27,A,Neutral,707.09,8.16
2025-05-16 17:51:27,A,Neutral,439.48,7.95
2025-05-16 17:51:27,A,Neutral,353.86,7.88
2025-05-16 17:51:27,A,Neutral,475.47,7.95
2025-05-16 17:51:27,A,Neutral,43.11,7.99
2025-05-16 17:51:27,A,Negative,279.08,8.00
2025-05-16 17:51:27,A,Negative,299.89,7.86
2025-05-16 17:51:27,A,Neutral,401.52,7.74
2025-05-16 17:51:27,A,Neutral,451.64,7.76
2025-05-16 17:51:27,A,Neutral,439.17,7.81
2025-05-16 17:51:27,A,Neutral,366.97,7.88
2025-05-16 17:51:28,A,Neutral,321.71,7.90
2025-05-16 17:51:28,A,Neutral,211.07,7.93
2025-05-16 17:51:28,A,Neutral,468.90,7.76
2025-05-16 17:51:28,A,Neutral,133.11,7.61
2025-05-16 17:51:28,A,Neutral,138.12,7.49
2025-05-16 17:51:28,A,Neutral,230.40,7.36
2025-05-16 17:51:28,A,Neutral,150.01,7.23
2025-05-16 17:51:28,A,Neutral,76.93,7.14
2025-05-16 17:51:28,A,Negative,128.83,7.02
2025-05-16 17:51:28,A,Negative,413.15,7.00
2025-05-16 17:51:28,A,Neutral,327.58,6.93
2025-05-16 17:51:28,A,Neutral,399.97,6.80
2025-05-16 17:51:28,A,Negative,527.68,6.68
2025-05-16 17:51:28,A,Negative,363.46,6.62
2025-05-16 17:51:28,A,Neutral,364.61,6.62
2025-05-16 17:51:29,A,Negative,210.42,6.66
2025-05-16 17:51:29,A,Neutral,170.67,6.65
2025-05-16 17:51:29,A,Neutral,203.47,6.61
2025-05-16 17:51:29,A,Neutral,530.10,6.53
2025-05-16 17:51:29,A,Neutral,165.60,6.42
2025-05-16 17:51:29,A,Neutral,345.14,6.32
2025-05-16 17:51:29,A,Neutral,85.96,6.23
2025-05-16 17:51:29,A,Neutral,257.27,6.13
2025-05-16 17:51:29,A,Neutral,167.65,6.09
2025-05-16 17:51:29,A,Neutral,234.23,6.06
2025-05-16 17:51:29,A,Neutral,469.74,6.06
2025-05-16 17:51:29,A,Negative,398.73,5.97
2025-05-16 17:51:29,A,Neutral,454.74,5.99
2025-05-16 17:51:29,A,Neutral,137.01,6.04
2025-05-16 17:51:29,A,Neutral,398.41,6.02
2025-05-16 17:51:30,A,Neutral,236.98,5.95
2025-05-16 17:51:30,A,Neutral,154.83,5.89
2025-05-16 17:51:30,A,Neutral,241.12,5.83
2025-05-16 17:51:30,A,Neutral,192.20,5.76
2025-05-16 17:51:30,A,Neutral,16.07,5.70
2025-05-16 17:51:30,A,Neutral,118.24,5.63
2025-05-16 17:51:30,K,Neutral,0.00,0.00
2025-05-16 17:51:30,K,Neutral,62.62,14.08
2025-05-16 17:51:30,K,Neutral,21.73,14.04
2025-05-16 17:51:30,K,Neutral,21.67,14.14
2025-05-16 17:51:30,K,Neutral,53.94,13.98
2025-05-16 17:51:30,K,Neutral,34.57,13.78
2025-05-16 17:51:30,K,Neutral,15.15,13.69
2025-05-16 17:51:30,K,Neutral,29.84,13.59
2025-05-16 17:51:30,K,Neutral,76.61,13.59
2025-05-16 17:51:31,K,Neutral,86.73,13.64
2025-05-16 17:51:31,K,Neutral,34.07,13.68
2025-05-16 17:51:31,K,Neutral,102.01,13.59
2025-05-16 17:51:31,K,Neutral,68.72,13.40
2025-05-16 17:51:31,K,Neutral,129.86,13.09
2025-05-16 17:51:31,K,Neutral,164.08,12.62
2025-05-16 17:51:31,K,Neutral,162.74,12.02
2025-05-16 17:51:31,K,Neutral,626.07,12.09
2025-05-16 17:51:31,K,Neutral,189.55,12.32
2025-05-16 17:51:31,K,Neutral,1508.76,11.80
2025-05-16 17:51:31,K,Neutral,91.81,11.31
2025-05-16 17:51:31,K,Neutral,1381.75,11.44
2025-05-16 17:51:31,K,Neutral,725.28,11.76
2025-05-16 17:51:31,K,Neutral,348.06,11.89
2025-05-16 17:51:31,K,Neutral,786.30,11.78
2025-05-16 17:51:32,K,Neutral,1625.62,11.34
2025-05-16 17:51:32,K,Neutral,21.37,10.94
2025-05-16 17:51:32,K,Neutral,1241.47,10.84
2025-05-16 17:51:32,K,Neutral,746.79,10.80
2025-05-16 17:51:32,K,Neutral,563.50,10.71
2025-05-16 17:51:32,K,Neutral,943.32,10.47
2025-05-16 17:51:32,K,Neutral,820.09,10.42
2025-05-16 17:51:32,K,Neutral,494.00,10.36
2025-05-16 17:51:32,K,Neutral,566.31,10.36
2025-05-16 17:51:32,K,Neutral,241.10,10.40
2025-05-16 17:51:32,K,Neutral,497.06,10.37
2025-05-16 17:51:32,K,Neutral,153.36,10.32
2025-05-16 17:51:32,K,Neutral,193.23,10.28
2025-05-16 17:51:32,K,Neutral,169.94,10.27
2025-05-16 17:51:33,K,Neutral,30.03,10.26
2025-05-16 17:51:33,K,Neutral,31.01,10.25
2025-05-16 17:51:33,K,Neutral,45.62,10.24
2025-05-16 17:51:33,K,Neutral,101.04,10.23
2025-05-16 17:51:33,K,Neutral,131.59,10.23
2025-05-16 17:51:33,K,Neutral,96.54,10.23
2025-05-16 17:51:33,K,Neutral,111.35,10.25
2025-05-16 17:51:33,K,Neutral,62.70,10.27
2025-05-16 17:51:33,K,Neutral,65.06,10.29
2025-05-16 17:51:33,K,Neutral,30.19,10.32
2025-05-16 17:51:33,K,Neutral,46.04,10.35
2025-05-16 17:51:33,K,Neutral,319.64,10.42
2025-05-16 17:51:33,K,Neutral,316.82,10.57
2025-05-16 17:51:33,K,Neutral,94.01,10.73
2025-05-16 17:51:33,K,Neutral,15.28,10.89
2025-05-16 17:51:34,K,Neutral,46.69,11.05
2025-05-16 17:51:34,K,Neutral,0.00,11.21
2025-05-16 17:51:34,K,Neutral,15.21,11.36
2025-05-16 17:51:34,K,Neutral,54.98,11.52
2025-05-16 17:51:34,K,Neutral,318.89,11.68
2025-05-16 17:51:34,K,Neutral,934.72,11.83
2025-05-16 17:51:34,K,Neutral,1231.82,11.74
2025-05-16 17:51:34,K,Neutral,635.15,11.59
2025-05-16 17:51:34,K,Neutral,224.69,11.51
2025-05-16 17:51:34,K,Neutral,352.97,11.48
2025-05-16 17:51:34,K,Neutral,327.41,11.45
2025-05-16 17:51:34,K,Neutral,266.69,11.43
2025-05-16 17:51:34,K,Neutral,411.15,11.42
2025-05-16 17:51:34,K,Neutral,832.00,11.47
2025-05-16 17:51:34,K,Neutral,397.59,11.62
2025-05-16 17:51:35,K,Neutral,1677.56,11.47
2025-05-16 17:51:35,K,Neutral,970.60,11.48
2025-05-16 17:51:35,K,Neutral,666.70,11.45
2025-05-16 17:51:35,K,Neutral,692.99,11.45
2025-05-16 17:51:35,K,Negative,715.34,11.53
2025-05-16 17:51:35,K,Positive,773.77,11.71
2025-05-16 17:51:35,K,Positive,1077.46,11.74
2025-05-16 17:51:35,K,Positive,300.17,11.71
2025-05-16 17:51:35,K,Positive,831.13,11.76
2025-05-16 17:51:35,K,Positive,618.74,11.85
2025-05-16 17:51:35,K,Positive,34.34,11.94
2025-05-16 17:51:35,K,Positive,1502.91,11.95
2025-05-16 17:51:35,K,Positive,795.56,11.94
2025-05-16 17:51:35,K,Positive,370.37,11.91
2025-05-16 17:51:35,K,Positive,823.48,11.92
2025-05-16 17:51:36,K,Positive,583.99,12.00
2025-05-16 17:51:36,K,Positive,379.38,12.07
2025-05-16 17:51:36,K,Positive,1252.92,12.09
2025-05-16 17:51:36,K,Positive,488.64,12.07
2025-05-16 17:51:36,K,Positive,857.35,12.10
2025-05-16 17:51:36,K,Positive,388.16,12.20
2025-05-16 17:51:36,K,Positive,1462.99,12.17
2025-05-16 17:51:36,K,Positive,1166.99,12.18
2025-05-16 17:51:36,K,Positive,720.79,12.17
2025-05-16 17:51:36,K,Positive,699.68,12.25
2025-05-16 17:51:36,K,Positive,593.93,12.42
2025-05-16 17:51:36,K,Positive,1178.77,12.45
2025-05-16 17:51:36,K,Positive,801.11,12.45
2025-05-16 17:51:36,K,Positive,830.42,12.46
2025-05-16 17:51:36,K,Positive,275.24,12.53
2025-05-16 17:51:37,K,Positive,1070.68,12.58
2025-05-16 17:51:37,K,Positive,767.67,12.58
2025-05-16 17:51:37,K,Positive,839.80,12.60
2025-05-16 17:51:37,K,Positive,365.68,12.69
2025-05-16 17:51:37,K,Positive,1178.01,12.74
2025-05-16 17:51:37,K,Positive,735.05,12.73
2025-05-16 17:51:37,K,Positive,945.32,12.75
2025-05-16 17:51:37,K,Positive,375.64,12.84
2025-05-16 17:51:37,K,Positive,752.09,12.93
2025-05-16 17:51:37,K,Positive,602.84,12.93
2025-05-16 17:51:37,K,Positive,604.84,12.95
2025-05-16 17:51:37,K,Positive,543.01,13.05
2025-05-16 17:51:37,K,Positive,826.23,13.08
2025-05-16 17:51:37,K,Positive,656.93,13.15
2025-05-16 17:51:37,K,Positive,424.30,13.18
2025-05-16 17:51:38,K,Positive,195.02,13.20
2025-05-16 17:51:38,L,Positive,0.00,0.00
2025-05-16 17:51:38,L,Positive,395.07,36.48
2025-05-16 17:51:38,L,Positive,1325.86,31.97
2025-05-16 17:51:38,L,Positive,286.00,32.14
2025-05-16 17:51:38,L,Positive,746.47,33.14
2025-05-16 17:51:38,L,Positive,503.39,34.13
2025-05-16 17:51:38,L,Positive,85.33,34.53
2025-05-16 17:51:38,L,Positive,190.47,34.61
2025-05-16 17:51:38,L,Positive,96.96,34.61
2025-05-16 17:51:38,L,Positive,32.79,34.63
2025-05-16 17:51:38,L,Positive,202.93,34.87
2025-05-16 17:51:38,L,Positive,233.89,35.08
2025-05-16 17:51:38,L,Positive,763.73,34.62
2025-05-16 17:51:38,L,Positive,384.33,34.72
2025-05-16 17:51:39,L,Positive,753.01,35.10
2025-05-16 17:51:39,L,Positive,244.43,35.17
2025-05-16 17:51:39,L,Positive,580.62,34.97
2025-05-16 17:51:39,L,Positive,336.19,35.15
2025-05-16 17:51:39,L,Positive,717.97,35.51
2025-05-16 17:51:39,L,Positive,455.64,35.53
2025-05-16 17:51:39,L,Positive,438.23,35.38
2025-05-16 17:51:39,L,Positive,448.02,35.55
2025-05-16 17:51:39,L,Positive,549.22,35.82
2025-05-16 17:51:39,L,Positive,349.24,35.84
2025-05-16 17:51:39,L,Positive,856.29,35.31
2025-05-16 17:51:39,L,Positive,771.67,35.36
2025-05-16 17:51:39,L,Positive,516.58,35.61
2025-05-16 17:51:39,L,Positive,308.95,35.87
2025-05-16 17:51:39,L,Positive,811.39,35.66
2025-05-16 17:51:40,L,Positive,750.00,35.56
2025-05-16 17:51:40,L,Positive,372.03,35.64
2025-05-16 17:51:40,L,Positive,861.93,35.84
2025-05-16 17:51:40,L,Positive,135.36,35.99
2025-05-16 17:51:40,L,Positive,1237.75,35.89
2025-05-16 17:51:40,L,Positive,371.22,35.94
2025-05-16 17:51:40,L,Positive,752.83,36.09
2025-05-16 17:51:40,L,Positive,297.17,36.21
2025-05-16 17:51:40,L,Positive,1046.26,35.86
2025-05-16 17:51:40,L,Positive,749.24,35.69
2025-05-16 17:51:40,L,Positive,457.63,35.71
2025-05-16 17:51:40,L,Positive,852.77,35.81
2025-05-16 17:51:40,L,Positive,395.37,35.91
2025-05-16 17:51:40,L,Positive,411.63,35.85
2025-05-16 17:51:41,L,Positive,1062.57,35.53
2025-05-16 17:51:41,L,Positive,1348.04,35.13
2025-05-16 17:51:41,L,Positive,426.07,34.75
2025-05-16 17:51:41,L,Positive,238.17,34.45
2025-05-16 17:51:41,L,Positive,734.17,34.33
2025-05-16 17:51:41,L,Positive,529.24,34.21
2025-05-16 17:51:41,L,Positive,915.94,33.82
2025-05-16 17:51:41,L,Positive,1638.49,33.16
2025-05-16 17:51:41,L,Positive,587.58,32.58
2025-05-16 17:51:41,L,Positive,112.94,32.04
2025-05-16 17:51:41,L,Positive,431.00,31.43
2025-05-16 17:51:41,L,Positive,695.01,31.02
2025-05-16 17:51:41,L,Positive,800.70,30.80
2025-05-16 17:51:41,L,Positive,540.62,30.64
2025-05-16 17:51:41,L,Positive,148.24,30.46
2025-05-16 17:51:42,L,Positive,194.26,30.24
2025-05-16 17:51:42,L,Positive,537.23,29.91
2025-05-16 17:51:42,L,Positive,874.40,29.46
2025-05-16 17:51:42,L,Positive,576.94,29.16
2025-05-16 17:51:42,L,Positive,817.94,29.04
2025-05-16 17:51:42,L,Positive,818.81,29.06
2025-05-16 17:51:42,L,Positive,733.68,29.15
2025-05-16 17:51:42,L,Positive,531.22,29.24
2025-05-16 17:51:42,L,Positive,212.07,29.34
2025-05-16 17:51:42,L,Positive,860.43,29.32
2025-05-16 17:51:42,L,Positive,638.84,29.33
2025-05-16 17:51:42,L,Positive,169.81,29.37
2025-05-16 17:51:42,L,Positive,291.83,29.45
2025-05-16 17:51:42,L,Positive,687.85,29.58
2025-05-16 17:51:42,L,Positive,584.48,29.73
2025-05-16 17:51:43,L,Positive,323.28,29.79
2025-05-16 17:51:43,L,Positive,1501.41,29.64
2025-05-16 17:51:43,L,Positive,602.77,29.55
2025-05-16 17:51:43,L,Positive,435.71,29.56
2025-05-16 17:51:43,L,Positive,527.00,29.63
2025-05-16 17:51:43,L,Positive,623.82,29.74
2025-05-16 17:51:43,L,Positive,178.27,29.84
2025-05-16 17:51:43,L,Positive,709.92,29.85
2025-05-16 17:51:43,L,Neutral,814.78,29.79
2025-05-16 17:51:43,L,Neutral,149.71,29.77
2025-05-16 17:51:43,L,Neutral,423.88,29.80
2025-05-16 17:51:43,L,Neutral,786.76,29.89
2025-05-16 17:51:43,L,Neutral,709.87,30.01
2025-05-16 17:51:43,L,Neutral,279.77,30.10
2025-05-16 17:51:43,L,Neutral,997.64,30.04
2025-05-16 17:51:44,L,Neutral,989.99,29.97
2025-05-16 17:51:44,L,Neutral,400.04,29.99
2025-05-16 17:51:44,L,Neutral,491.24,30.06
2025-05-16 17:51:44,L,Negative,642.44,30.18
2025-05-16 17:51:44,L,Negative,601.03,30.31
2025-05-16 17:51:44,L,Neutral,432.22,30.46
2025-05-16 17:51:44,L,Negative,354.41,30.54
2025-05-16 17:51:44,L,Negative,919.08,30.59
2025-05-16 17:51:44,L,Negative,241.45,30.65
2025-05-16 17:51:44,L,Negative,194.45,30.74
2025-05-16 17:51:44,L,Negative,391.48,30.84
2025-05-16 17:51:44,L,Negative,421.40,30.96
2025-05-16 17:51:44,L,Negative,467.19,31.09
2025-05-16 17:51:44,L,Negative,222.13,31.20
2025-05-16 17:51:44,L,Negative,613.20,31.20
2025-05-16 17:51:45,L,Negative,806.71,31.21
2025-05-16 17:51:45,L,Negative,239.06,31.25
2025-05-16 17:51:45,L,Negative,168.57,31.31
2025-05-16 17:51:45,L,Negative,495.17,31.39
2025-05-16 17:51:45,L,Negative,484.07,31.49
2025-05-16 17:51:45,L,Negative,200.24,31.57
2025-05-16 17:51:45,L,Negative,478.01,31.58
2025-05-16 17:51:45,L,Negative,572.05,31.56
2025-05-16 17:51:45,L,Negative,446.66,31.57
2025-05-16 17:51:45,L,Negative,105.19,31.61
2025-05-16 17:51:45,L,Positive,282.80,31.67
2025-05-16 17:51:45,L,Positive,506.39,31.76
2025-05-16 17:51:45,L,Positive,515.58,31.86
2025-05-16 17:51:45,L,Neutral,229.69,31.95
2025-05-16 17:51:45,L,Neutral,440.84,31.98
2025-05-16 17:51:46,L,Neutral,685.92,31.94
2025-05-16 17:51:46,L,Neutral,527.93,31.91
2025-05-16 17:51:46,L,Neutral,317.01,31.93
2025-05-16 17:51:46,L,Neutral,219.38,31.97
2025-05-16 17:51:46,L,Neutral,176.36,32.03
2025-05-16 17:51:46,L,Neutral,278.43,32.09
2025-05-16 17:51:46,L,Neutral,194.59,32.16
2025-05-16 17:51:46,L,Neutral,142.88,32.22
2025-05-16 17:51:46,L,Neutral,168.65,32.25
2025-05-16 17:51:46,L,Neutral,272.20,32.24
2025-05-16 17:51:46,L,Neutral,350.56,32.22
2025-05-16 17:51:46,L,Neutral,406.31,32.19
2025-05-16 17:51:46,L,Neutral,173.83,32.16
2025-05-16 17:51:46,L,Neutral,123.83,32.16
2025-05-16 17:51:46,L,Neutral,184.86,32.18
2025-05-16 17:51:47,L,Neutral,176.22,32.21
2025-05-16 17:51:47,L,Neutral,135.52,32.25
2025-05-16 17:51:47,L,Neutral,113.21,32.29
2025-05-16 17:51:47,L,Neutral,115.54,32.34
2025-05-16 17:51:47,L,Neutral,122.92,32.39
2025-05-16 17:51:47,L,Neutral,197.18,32.44
2025-05-16 17:51:47,L,Neutral,139.49,32.49
2025-05-16 17:51:47,L,Neutral,108.84,32.54
2025-05-16 17:51:47,L,Neutral,15.40,32.59
2025-05-16 17:51:47,L,Neutral,21.35,32.64
2025-05-16 17:51:47,L,Neutral,14.70,32.68
2025-05-16 17:51:47,L,Neutral,0.00,32.73
2025-05-16 17:51:47,L,Neutral,15.06,32.77
2025-05-16 17:51:47,L,Neutral,0.00,32.82
2025-05-16 17:51:47,L,Neutral,15.20,32.86
2025-05-16 17:51:48,L,Neutral,14.84,32.90
2025-05-16 17:51:48,L,Neutral,0.00,32.94
2025-05-16 17:51:48,L,Neutral,0.00,32.99
2025-05-16 17:51:48,L,Neutral,0.00,33.03
2025-05-16 17:51:48,L,Neutral,0.00,33.07
2025-05-16 17:51:48,L,Neutral,21.85,33.11
2025-05-16 17:51:48,L,Neutral,16.07,33.15
2025-05-16 17:51:48,L,Neutral,0.00,33.19
2025-05-16 17:51:48,L,Neutral,0.00,33.23
2025-05-16 17:51:48,L,Neutral,14.71,33.27
2025-05-16 17:51:48,L,Neutral,15.17,33.30
2025-05-16 17:51:48,L,Neutral,13.98,33.34
2025-05-16 17:51:48,L,Neutral,16.07,33.38
2025-05-16 17:51:48,L,Neutral,15.38,33.41
2025-05-16 17:51:48,L,Neutral,17.40,33.45
2025-05-16 17:51:49,L,Neutral,19.58,33.48
2025-05-16 17:51:49,L,Neutral,0.00,33.52
2025-05-16 17:51:49,L,Positive,20.41,33.55
2025-05-16 17:51:49,L,Neutral,16.00,33.58
2025-05-16 17:51:49,L,Positive,0.00,33.62
2025-05-16 17:51:49,L,Negative,0.00,33.65
2025-05-16 17:51:49,L,Neutral,0.00,33.68
2025-05-16 17:51:49,L,Neutral,15.70,33.71
2025-05-16 17:51:49,L,Neutral,0.00,33.75
2025-05-16 17:51:49,L,Neutral,0.00,33.78
2025-05-16 17:51:49,L,Neutral,0.00,33.81
2025-05-16 17:51:49,L,Neutral,21.55,33.84
2025-05-16 17:51:49,L,Neutral,32.76,33.87
2025-05-16 17:51:49,L,Neutral,16.08,33.90
2025-05-16 17:51:49,L,Neutral,14.86,33.93
2025-05-16 17:51:50,L,Neutral,0.00,33.97
2025-05-16 17:51:50,L,Neutral,0.00,34.00
2025-05-16 17:51:50,L,Neutral,97.46,34.03
2025-05-16 17:51:50,L,Neutral,147.96,34.05
2025-05-16 17:51:50,L,Neutral,378.16,34.07
2025-05-16 17:51:50,L,Neutral,217.45,34.08
2025-05-16 17:51:50,L,Neutral,179.81,34.09
2025-05-16 17:51:50,L,Neutral,147.68,34.10
2025-05-16 17:51:50,L,Neutral,111.30,34.09
2025-05-16 17:51:50,L,Neutral,86.79,34.09
2025-05-16 17:51:50,L,Neutral,145.41,34.07
2025-05-16 17:51:50,L,Neutral,125.84,34.06
2025-05-16 17:51:50,L,Neutral,139.90,34.03
2025-05-16 17:51:50,L,Neutral,65.44,34.00
2025-05-16 17:51:50,L,Neutral,97.91,33.97
2025-05-16 17:51:51,L,Neutral,318.25,33.90
2025-05-16 17:51:51,L,Neutral,337.00,33.81
2025-05-16 17:51:51,L,Neutral,342.35,33.72
2025-05-16 17:51:51,L,Neutral,480.92,33.63
2025-05-16 17:51:51,L,Neutral,402.00,33.54
2025-05-16 17:51:51,L,Neutral,257.27,33.47
2025-05-16 17:51:51,L,Neutral,211.13,33.42
2025-05-16 17:51:51,L,Neutral,221.92,33.38
2025-05-16 17:51:51,L,Neutral,215.27,33.36
2025-05-16 17:51:51,L,Neutral,450.23,33.36
2025-05-16 17:51:51,L,Neutral,339.54,33.37
2025-05-16 17:51:51,L,Neutral,255.05,33.37
2025-05-16 17:51:51,L,Neutral,302.41,33.37
2025-05-16 17:51:51,L,Neutral,202.20,33.36
2025-05-16 17:51:51,L,Neutral,261.15,33.35
2025-05-16 17:51:52,L,Neutral,150.72,33.32
2025-05-16 17:51:52,L,Neutral,65.52,33.30
2025-05-16 17:51:52,L,Neutral,198.76,33.25
2025-05-16 17:51:52,L,Neutral,349.75,33.19
2025-05-16 17:51:52,L,Neutral,388.51,33.13
2025-05-16 17:51:52,L,Neutral,335.80,33.08
2025-05-16 17:51:52,L,Neutral,266.24,33.05
2025-05-16 17:51:52,L,Neutral,297.00,33.03
2025-05-16 17:51:52,L,Neutral,193.78,33.03
2025-05-16 17:51:52,L,Neutral,251.96,33.02
2025-05-16 17:51:52,L,Neutral,288.96,33.00
2025-05-16 17:51:52,L,Neutral,107.61,32.98
2025-05-16 17:51:52,L,Neutral,211.17,32.93
2025-05-16 17:51:52,L,Neutral,435.51,32.86
2025-05-16 17:51:52,L,Neutral,285.13,32.78
2025-05-16 17:51:53,L,Neutral,370.30,32.72
2025-05-16 17:51:53,L,Neutral,351.64,32.67
2025-05-16 17:51:53,L,Neutral,277.63,32.64
2025-05-16 17:51:53,L,Neutral,331.64,32.63
2025-05-16 17:51:53,L,Neutral,457.73,32.62
2025-05-16 17:51:53,L,Neutral,359.54,32.59
2025-05-16 17:51:53,L,Neutral,190.05,32.56
2025-05-16 17:51:53,L,Neutral,211.34,32.51
2025-05-16 17:51:53,L,Neutral,323.86,32.44
2025-05-16 17:51:53,L,Neutral,497.46,32.39
2025-05-16 17:51:53,L,Neutral,292.38,32.35
2025-05-16 17:51:53,L,Neutral,323.55,32.33
2025-05-16 17:51:53,L,Neutral,189.91,32.33
2025-05-16 17:51:53,L,Neutral,284.00,32.32
2025-05-16 17:51:53,L,Neutral,361.43,32.30
2025-05-16 17:51:54,L,Neutral,207.25,32.26
2025-05-16 17:51:54,L,Neutral,108.91,32.22
2025-05-16 17:51:54,L,Neutral,295.63,32.17
2025-05-16 17:51:54,L,Neutral,253.51,32.13
2025-05-16 17:51:54,L,Neutral,211.40,32.10
2025-05-16 17:51:54,L,Neutral,158.63,32.07
2025-05-16 17:51:54,L,Neutral,81.64,32.06
2025-05-16 17:51:54,L,Neutral,111.22,32.04
2025-05-16 17:51:54,L,Neutral,59.88,32.03
2025-05-16 17:51:54,L,Neutral,33.72,32.02
2025-05-16 17:51:54,L,Neutral,21.67,32.01
2025-05-16 17:51:54,L,Neutral,33.93,32.00
2025-05-16 17:51:54,L,Neutral,41.56,31.98
2025-05-16 17:51:54,L,Neutral,57.14,31.96
2025-05-16 17:51:54,L,Neutral,54.25,31.94
2025-05-16 17:51:55,L,Neutral,47.54,31.92
2025-05-16 17:51:55,L,Neutral,65.98,31.90
2025-05-16 17:51:55,L,Neutral,21.07,31.87
2025-05-16 17:51:55,L,Neutral,21.76,31.85
2025-05-16 17:51:55,L,Neutral,33.52,31.82
2025-05-16 17:51:55,L,Neutral,34.13,31.80
2025-05-16 17:51:55,L,Neutral,15.25,31.78
2025-05-16 17:51:55,L,Neutral,0.00,31.75
2025-05-16 17:51:55,L,Neutral,33.50,31.73
2025-05-16 17:51:55,L,Neutral,29.88,31.71
2025-05-16 17:51:55,L,Neutral,30.81,31.69
2025-05-16 17:51:55,L,Neutral,21.27,31.67
2025-05-16 17:51:55,L,Neutral,29.82,31.65
2025-05-16 17:51:55,L,Neutral,31.10,31.63
2025-05-16 17:51:55,L,Neutral,15.07,31.61
2025-05-16 17:51:56,L,Neutral,15.35,31.59
2025-05-16 17:51:56,L,Neutral,30.47,31.57
2025-05-16 17:51:56,L,Neutral,15.10,31.55
2025-05-16 17:51:56,L,Neutral,0.00,31.53
2025-05-16 17:51:56,L,Neutral,15.42,31.51
2025-05-16 17:51:56,L,Neutral,21.23,31.50
2025-05-16 17:51:56,L,Neutral,15.34,31.48
2025-05-16 17:51:56,L,Neutral,15.63,31.46
2025-05-16 17:51:56,L,Neutral,14.72,31.44
2025-05-16 17:51:56,L,Neutral,15.13,31.43
2025-05-16 17:51:56,L,Neutral,15.59,31.41
2025-05-16 17:51:56,L,Neutral,21.25,31.39
2025-05-16 17:51:56,L,Neutral,0.00,31.38
2025-05-16 17:51:56,L,Neutral,0.00,31.36
2025-05-16 17:51:56,L,Neutral,14.97,31.35
2025-05-16 17:51:57,L,Neutral,15.04,31.33
2025-05-16 17:51:57,L,Neutral,0.00,31.32
2025-05-16 17:51:57,L,Neutral,21.00,31.30
2025-05-16 17:51:57,L,Neutral,0.00,31.29
2025-05-16 17:51:57,L,Neutral,0.00,31.27
2025-05-16 17:51:57,L,Neutral,0.00,31.26
2025-05-16 17:51:57,L,Neutral,14.94,31.25
2025-05-16 17:51:57,L,Neutral,0.00,31.23
2025-05-16 17:51:57,L,Neutral,0.00,31.22
2025-05-16 17:51:57,L,Neutral,0.00,31.20
2025-05-16 17:51:57,L,Neutral,0.00,31.19
2025-05-16 17:51:57,L,Neutral,0.00,31.18
2025-05-16 17:51:57,L,Neutral,0.00,31.16
2025-05-16 17:51:57,L,Neutral,14.60,31.15
2025-05-16 17:51:57,L,Neutral,15.89,31.14
2025-05-16 17:51:58,L,Neutral,0.00,31.12
2025-05-16 17:51:58,L,Neutral,0.00,31.11
2025-05-16 17:51:58,L,Neutral,0.00,31.10
2025-05-16 17:51:58,L,Neutral,0.00,31.08
2025-05-16 17:51:58,L,Neutral,0.00,31.07
2025-05-16 17:51:58,L,Neutral,0.00,31.06
2025-05-16 17:51:58,L,Neutral,15.90,31.04
2025-05-16 17:51:58,L,Neutral,15.47,31.03
2025-05-16 17:51:58,L,Neutral,14.87,31.02
2025-05-16 17:51:58,L,Neutral,0.00,31.01
2025-05-16 17:51:58,L,Neutral,15.61,30.99
2025-05-16 17:51:58,L,Neutral,0.00,30.98
2025-05-16 17:51:58,L,Neutral,0.00,30.97
2025-05-16 17:51:58,L,Neutral,0.00,30.96
2025-05-16 17:51:58,L,Positive,23.61,30.94
2025-05-16 17:51:59,L,Neutral,0.00,30.93
2025-05-16 17:51:59,L,Neutral,0.00,30.92
2025-05-16 17:51:59,L,Neutral,19.53,30.91
2025-05-16 17:51:59,L,Neutral,10.81,30.89
2025-05-16 17:51:59,L,Neutral,14.95,30.88
2025-05-16 17:51:59,L,Neutral,0.00,30.87
2025-05-16 17:51:59,L,Neutral,0.00,30.86
2025-05-16 17:51:59,L,Neutral,15.65,30.84
2025-05-16 17:51:59,L,Neutral,0.00,30.83
2025-05-16 17:51:59,L,Neutral,33.95,30.82
2025-05-16 17:51:59,L,Neutral,119.14,30.80
2025-05-16 17:51:59,L,Neutral,197.54,30.78
2025-05-16 17:51:59,L,Neutral,220.38,30.75
2025-05-16 17:51:59,L,Neutral,257.21,30.71
2025-05-16 17:51:59,L,Neutral,177.44,30.67
2025-05-16 17:52:00,L,Neutral,127.83,30.62
2025-05-16 17:52:00,L,Neutral,138.33,30.57
2025-05-16 17:52:00,L,Neutral,80.77,30.52
2025-05-16 17:52:00,L,Neutral,67.00,30.46
2025-05-16 17:52:00,L,Neutral,65.80,30.41
2025-05-16 17:52:00,L,Negative,0.00,30.35
2025-05-16 17:52:00,L,Negative,34.05,30.30
2025-05-16 17:52:00,L,Negative,15.26,30.24
2025-05-16 17:52:00,L,Negative,0.00,30.19
2025-05-16 17:52:00,L,Negative,15.43,30.13
2025-05-16 17:52:00,L,Negative,15.46,30.08
2025-05-16 17:52:00,L,Negative,43.78,30.02
2025-05-16 17:52:00,L,Negative,62.00,29.97
2025-05-16 17:52:00,L,Positive,130.67,29.91
2025-05-16 17:52:00,L,Positive,140.99,29.84
2025-05-16 17:52:01,L,Neutral,154.44,29.77
2025-05-16 17:52:01,L,Neutral,137.03,29.70
2025-05-16 17:52:01,L,Neutral,101.40,29.62
2025-05-16 17:52:01,L,Neutral,83.48,29.53
2025-05-16 17:52:01,L,Neutral,47.20,29.45
2025-05-16 17:52:01,L,Neutral,13.75,29.36
2025-05-16 17:52:01,L,Neutral,38.22,29.28
2025-05-16 17:52:01,L,Neutral,0.00,29.20
2025-05-16 17:52:01,L,Neutral,0.00,29.11
2025-05-16 17:52:01,L,Neutral,15.25,29.03
2025-05-16 17:52:01,L,Neutral,14.86,28.95
2025-05-16 17:52:01,L,Neutral,36.25,28.87
2025-05-16 17:52:01,L,Neutral,95.40,28.79
2025-05-16 17:52:01,L,Neutral,104.58,28.72
2025-05-16 17:52:01,L,Neutral,139.61,28.65
2025-05-16 17:52:02,L,Neutral,96.41,28.59
2025-05-16 17:52:02,L,Neutral,108.77,28.53
2025-05-16 17:52:02,L,Neutral,65.61,28.47
2025-05-16 17:52:02,L,Neutral,10.55,28.42
2025-05-16 17:52:02,L,Neutral,47.34,28.37
2025-05-16 17:52:02,L,Neutral,15.21,28.32
2025-05-16 17:52:02,L,Neutral,14.73,28.26
2025-05-16 17:52:02,L,Neutral,34.54,28.21
2025-05-16 17:52:02,L,Neutral,90.95,28.17
2025-05-16 17:52:02,L,Neutral,156.43,28.13
2025-05-16 17:52:02,L,Neutral,173.70,28.09
2025-05-16 17:52:02,L,Neutral,183.29,28.07
2025-05-16 17:52:02,L,Neutral,160.45,28.04
2025-05-16 17:52:02,L,Neutral,141.01,28.03
2025-05-16 17:52:03,L,Neutral,285.93,28.02
2025-05-16 17:52:03,L,Neutral,173.09,28.01
2025-05-16 17:52:03,L,Neutral,803.20,27.96
2025-05-16 17:52:03,L,Neutral,90.23,27.92
2025-05-16 17:52:03,L,Neutral,494.89,27.89
2025-05-16 17:52:03,L,Neutral,510.19,27.88
2025-05-16 17:52:03,L,Neutral,278.84,27.88
2025-05-16 17:52:03,L,Neutral,63.77,27.88
2025-05-16 17:52:03,L,Neutral,71.79,27.89
2025-05-16 17:52:03,L,Neutral,193.22,27.89
2025-05-16 17:52:03,L,Neutral,258.04,27.89
2025-05-16 17:52:03,L,Neutral,262.71,27.89
2025-05-16 17:52:03,L,Neutral,242.23,27.88
2025-05-16 17:52:03,L,Neutral,204.66,27.86
2025-05-16 17:52:03,L,Neutral,188.02,27.83
2025-05-16 17:52:04,L,Neutral,179.21,27.79
2025-05-16 17:52:04,L,Neutral,109.30,27.75
2025-05-16 17:52:04,L,Neutral,85.39,27.71
2025-05-16 17:52:04,L,Neutral,78.34,27.67
2025-05-16 17:52:04,L,Neutral,20.14,27.62
2025-05-16 17:52:04,L,Neutral,15.80,27.57
2025-05-16 17:52:04,L,Neutral,31.21,27.53
2025-05-16 17:52:04,L,Neutral,22.29,27.48
2025-05-16 17:52:04,L,Neutral,14.94,27.43
2025-05-16 17:52:04,L,Neutral,10.72,27.38
2025-05-16 17:52:04,L,Neutral,52.42,27.34
2025-05-16 17:52:04,L,Neutral,44.47,27.29
2025-05-16 17:52:04,L,Neutral,112.52,27.24
2025-05-16 17:52:04,L,Neutral,74.31,27.19
2025-05-16 17:52:05,L,Neutral,141.63,27.15
2025-05-16 17:52:05,L,Neutral,200.40,27.10
2025-05-16 17:52:05,L,Neutral,200.95,27.06
2025-05-16 17:52:05,L,Neutral,148.21,27.01
2025-05-16 17:52:05,L,Neutral,89.54,26.96
2025-05-16 17:52:05,L,Neutral,99.10,26.92
2025-05-16 17:52:05,L,Neutral,99.62,26.87
2025-05-16 17:52:05,L,Neutral,41.98,26.82
2025-05-16 17:52:05,L,Neutral,30.60,26.77
2025-05-16 17:52:05,L,Neutral,45.51,26.72
2025-05-16 17:52:05,L,Neutral,34.34,26.67
2025-05-16 17:52:05,L,Neutral,15.35,26.63
2025-05-16 17:52:05,L,Neutral,21.37,26.58
2025-05-16 17:52:05,L,Neutral,21.58,26.53
2025-05-16 17:52:05,L,Neutral,0.00,26.48
2025-05-16 17:52:06,L,Neutral,21.63,26.44
2025-05-16 17:52:06,L,Neutral,15.36,26.39
2025-05-16 17:52:06,L,Neutral,21.61,26.34
2025-05-16 17:52:06,L,Neutral,21.31,26.29
2025-05-16 17:52:06,L,Neutral,21.81,26.24
2025-05-16 17:52:06,L,Neutral,31.10,26.19
2025-05-16 17:52:06,L,Neutral,14.89,26.14
2025-05-16 17:52:06,L,Neutral,47.96,26.09
2025-05-16 17:52:06,L,Neutral,34.06,26.04
2025-05-16 17:52:06,L,Neutral,23.04,25.99
2025-05-16 17:52:06,L,Neutral,0.00,25.94
2025-05-16 17:52:06,L,Neutral,0.00,25.89
2025-05-16 17:52:06,L,Neutral,0.00,25.83
2025-05-16 17:52:06,L,Neutral,0.00,25.78
2025-05-16 17:52:06,L,Neutral,21.55,25.73
2025-05-16 17:52:07,L,Neutral,21.46,25.68
2025-05-16 17:52:07,L,Neutral,48.01,25.63
2025-05-16 17:52:07,L,Neutral,15.15,25.58
2025-05-16 17:52:07,L,Neutral,49.25,25.52
2025-05-16 17:52:07,L,Neutral,66.82,25.47
2025-05-16 17:52:07,L,Neutral,83.50,25.41
2025-05-16 17:52:07,L,Neutral,54.76,25.35
2025-05-16 17:52:07,L,Neutral,61.17,25.29
2025-05-16 17:52:07,L,Neutral,34.11,25.24
2025-05-16 17:52:07,L,Neutral,111.64,25.18
2025-05-16 17:52:07,L,Neutral,168.69,25.13
2025-05-16 17:52:07,L,Neutral,161.62,25.09
2025-05-16 17:52:07,L,Neutral,168.56,25.06
2025-05-16 17:52:07,L,Neutral,196.84,25.03
2025-05-16 17:52:07,L,Neutral,283.96,25.02
2025-05-16 17:52:08,L,Neutral,194.82,25.01
2025-05-16 17:52:08,L,Neutral,162.41,25.01
2025-05-16 17:52:08,L,Neutral,69.02,25.01
2025-05-16 17:52:08,L,Neutral,44.47,25.01
2025-05-16 17:52:08,L,Neutral,47.19,25.01
2025-05-16 17:52:08,L,Neutral,15.32,25.01
2025-05-16 17:52:08,L,Neutral,67.80,25.01
2025-05-16 17:52:08,L,Neutral,378.40,25.03
2025-05-16 17:52:08,L,Neutral,206.13,25.04
2025-05-16 17:52:08,L,Neutral,401.73,25.05
2025-05-16 17:52:08,L,Neutral,318.09,25.05
2025-05-16 17:52:08,L,Neutral,562.13,25.06
2025-05-16 17:52:08,L,Neutral,288.01,25.08
2025-05-16 17:52:08,L,Neutral,241.55,25.10
2025-05-16 17:52:08,L,Neutral,427.47,25.10
2025-05-16 17:52:09,L,Neutral,511.66,25.12
2025-05-16 17:52:09,L,Neutral,175.88,25.14
2025-05-16 17:52:09,L,Neutral,934.82,25.13
2025-05-16 17:52:09,L,Neutral,122.34,25.13
2025-05-16 17:52:09,L,Neutral,807.16,25.15
2025-05-16 17:52:09,L,Neutral,456.42,25.16
2025-05-16 17:52:09,L,Neutral,1130.04,25.12
2025-05-16 17:52:09,L,Neutral,455.26,25.11
2025-05-16 17:52:09,L,Neutral,775.89,25.11
2025-05-16 17:52:09,L,Neutral,42.46,25.12
2025-05-16 17:52:09,L,Neutral,1548.10,25.07
2025-05-16 17:52:09,L,Neutral,149.00,25.02
2025-05-16 17:52:09,L,Neutral,1314.23,25.02
2025-05-16 17:52:09,L,Neutral,584.07,25.03
2025-05-16 17:52:09,L,Neutral,252.10,25.04
2025-05-16 17:52:10,L,Neutral,2249.68,25.01
2025-05-16 17:52:10,L,Neutral,92.24,24.97
2025-05-16 17:52:10,L,Neutral,1703.91,24.96
2025-05-16 17:52:10,L,Neutral,526.79,24.97
2025-05-16 17:52:10,L,Neutral,418.51,25.00
2025-05-16 17:52:10,L,Neutral,63.71,25.02
2025-05-16 17:52:10,L,Neutral,1063.71,25.01
2025-05-16 17:52:10,L,Neutral,179.30,24.99
2025-05-16 17:52:10,L,Neutral,400.42,24.99
2025-05-16 17:52:10,L,Neutral,398.94,25.00
2025-05-16 17:52:10,L,Neutral,234.87,25.02
2025-05-16 17:52:10,L,Neutral,98.68,25.05
2025-05-16 17:52:10,L,Neutral,96.34,25.07
2025-05-16 17:52:10,L,Neutral,0.00,25.09
2025-05-16 17:52:10,L,Neutral,56.18,25.12
2025-05-16 17:52:11,L,Neutral,33.35,25.14
2025-05-16 17:52:11,M,Neutral,0.00,0.00
2025-05-16 17:52:11,M,Neutral,34.06,0.53
2025-05-16 17:52:11,M,Neutral,78.99,1.19
2025-05-16 17:52:11,M,Neutral,15.35,1.41
2025-05-16 17:52:11,M,Neutral,66.49,1.78
2025-05-16 17:52:11,M,Neutral,34.45,2.11
2025-05-16 17:52:11,M,Neutral,42.83,2.42
2025-05-16 17:52:11,M,Neutral,15.12,2.64
2025-05-16 17:52:11,M,Neutral,21.22,2.77
2025-05-16 17:52:11,M,Neutral,54.21,2.79
2025-05-16 17:52:11,M,Neutral,54.63,2.88
2025-05-16 17:52:11,M,Neutral,288.88,3.38
2025-05-16 17:52:11,M,Neutral,393.62,3.56
2025-05-16 17:52:11,M,Neutral,352.27,3.61
2025-05-16 17:52:12,M,Neutral,206.12,3.65
2025-05-16 17:52:12,M,Neutral,216.47,3.74
2025-05-16 17:52:12,M,Neutral,581.41,3.94
2025-05-16 17:52:12,M,Neutral,437.28,3.96
2025-05-16 17:52:12,M,Neutral,266.82,3.74
2025-05-16 17:52:12,M,Neutral,140.37,3.67
2025-05-16 17:52:12,M,Neutral,65.99,3.64
2025-05-16 17:52:12,M,Neutral,21.14,3.61
2025-05-16 17:52:12,M,Neutral,148.82,3.48
2025-05-16 17:52:12,M,Neutral,181.73,3.36
2025-05-16 17:52:12,M,Neutral,254.52,3.22
2025-05-16 17:52:12,M,Neutral,229.57,3.09
2025-05-16 17:52:12,M,Neutral,192.00,3.06
2025-05-16 17:52:12,M,Neutral,154.07,3.06
2025-05-16 17:52:12,M,Neutral,121.68,3.08
2025-05-16 17:52:13,M,Neutral,63.69,3.07
2025-05-16 17:52:13,M,Neutral,21.77,3.06
2025-05-16 17:52:13,M,Neutral,44.11,3.03
2025-05-16 17:52:13,M,Neutral,30.50,3.00
2025-05-16 17:52:13,M,Neutral,84.63,2.95
2025-05-16 17:52:13,M,Neutral,111.27,2.89
2025-05-16 17:52:13,M,Neutral,117.92,2.82
2025-05-16 17:52:13,M,Neutral,144.50,2.76
2025-05-16 17:52:13,M,Neutral,113.61,2.69
2025-05-16 17:52:13,M,Neutral,119.74,2.64
2025-05-16 17:52:13,M,Neutral,108.53,2.59
2025-05-16 17:52:13,M,Neutral,108.74,2.54
2025-05-16 17:52:13,M,Neutral,153.71,2.50
2025-05-16 17:52:13,M,Neutral,101.83,2.47
2025-05-16 17:52:13,M,Neutral,83.81,2.43
2025-05-16 17:52:14,M,Neutral,109.20,2.38
2025-05-16 17:52:14,M,Neutral,107.19,2.36
2025-05-16 17:52:14,M,Neutral,58.43,2.36
2025-05-16 17:52:14,M,Neutral,90.65,2.34
2025-05-16 17:52:14,M,Neutral,91.58,2.30
2025-05-16 17:52:14,M,Neutral,75.04,2.27
2025-05-16 17:52:14,M,Neutral,108.91,2.23
2025-05-16 17:52:14,M,Neutral,106.37,2.20
2025-05-16 17:52:14,M,Neutral,167.34,2.18
2025-05-16 17:52:14,M,Neutral,108.09,2.17
2025-05-16 17:52:14,M,Neutral,119.68,2.17
2025-05-16 17:52:14,M,Neutral,94.32,2.18
2025-05-16 17:52:14,M,Neutral,140.58,2.19
2025-05-16 17:52:14,M,Neutral,89.09,2.20
2025-05-16 17:52:14,M,Neutral,58.11,2.22
2025-05-16 17:52:15,M,Neutral,51.39,2.24
2025-05-16 17:52:15,M,Neutral,96.02,2.23
2025-05-16 17:52:15,M,Neutral,46.74,2.22
2025-05-16 17:52:15,M,Neutral,15.44,2.21
2025-05-16 17:52:15,M,Neutral,44.52,2.19
2025-05-16 17:52:15,M,Neutral,46.92,2.15
2025-05-16 17:52:15,M,Neutral,32.60,2.12
2025-05-16 17:52:15,M,Neutral,27.63,2.09
2025-05-16 17:52:15,M,Neutral,90.82,2.07
2025-05-16 17:52:15,M,Neutral,144.88,2.05
2025-05-16 17:52:15,M,Neutral,133.78,2.03
2025-05-16 17:52:15,M,Neutral,177.65,2.02
2025-05-16 17:52:15,M,Neutral,169.12,2.01
2025-05-16 17:52:15,M,Neutral,186.15,2.01
2025-05-16 17:52:16,M,Neutral,191.01,2.00
2025-05-16 17:52:16,M,Neutral,203.18,1.98
2025-05-16 17:52:16,M,Neutral,244.11,1.96
2025-05-16 17:52:16,M,Neutral,236.60,1.95
2025-05-16 17:52:16,M,Neutral,163.75,1.95
2025-05-16 17:52:16,M,Neutral,132.68,1.95
2025-05-16 17:52:16,M,Neutral,105.87,1.95
2025-05-16 17:52:16,M,Neutral,85.71,1.93
2025-05-16 17:52:16,M,Neutral,44.19,1.92
2025-05-16 17:52:16,M,Neutral,43.66,1.89
2025-05-16 17:52:16,M,Neutral,159.54,1.89
2025-05-16 17:52:16,M,Neutral,260.18,1.93
2025-05-16 17:52:16,M,Neutral,361.28,2.02
2025-05-16 17:52:16,M,Neutral,370.07,2.18
2025-05-16 17:52:16,M,Neutral,390.82,2.30
2025-05-16 17:52:17,M,Neutral,402.15,2.37
2025-05-16 17:52:17,M,Neutral,302.23,2.44
2025-05-16 17:52:17,M,Neutral,272.77,2.53
2025-05-16 17:52:17,M,Neutral,266.36,2.61
2025-05-16 17:52:17,M,Neutral,258.15,2.65
2025-05-16 17:52:17,M,Neutral,141.01,2.66
2025-05-16 17:52:17,M,Neutral,263.18,2.63
2025-05-16 17:52:17,M,Neutral,238.92,2.63
2025-05-16 17:52:17,M,Neutral,354.69,2.67
2025-05-16 17:52:17,M,Neutral,442.96,2.73
2025-05-16 17:52:17,M,Neutral,362.98,2.84
2025-05-16 17:52:17,M,Neutral,86.46,2.95
2025-05-16 17:52:17,M,Neutral,477.71,3.09
2025-05-16 17:52:17,M,Neutral,371.21,3.24
2025-05-16 17:52:17,M,Neutral,255.30,3.35
2025-05-16 17:52:18,M,Neutral,1024.04,3.32
2025-05-16 17:52:18,M,Neutral,214.94,3.31
2025-05-16 17:52:18,M,Neutral,589.01,3.37
2025-05-16 17:52:18,M,Neutral,318.47,3.38
2025-05-16 17:52:18,M,Neutral,914.89,3.44
2025-05-16 17:52:18,M,Neutral,229.13,3.52
2025-05-16 17:52:18,M,Neutral,445.14,3.57
2025-05-16 17:52:18,M,Neutral,529.77,3.66
2025-05-16 17:52:18,M,Neutral,374.40,3.76
2025-05-16 17:52:18,M,Neutral,609.36,3.80
2025-05-16 17:52:18,M,Neutral,398.91,3.87
2025-05-16 17:52:18,M,Neutral,375.51,3.97
2025-05-16 17:52:18,M,Neutral,480.95,4.02
2025-05-16 17:52:18,M,Neutral,329.22,4.07
2025-05-16 17:52:18,M,Neutral,633.68,4.15
2025-05-16 17:52:19,M,Negative,168.33,4.22
2025-05-16 17:52:19,M,Neutral,579.91,4.27
2025-05-16 17:52:19,M,Neutral,242.12,4.32
2025-05-16 17:52:19,M,Negative,532.91,4.41
2025-05-16 17:52:19,M,Neutral,325.13,4.47
2025-05-16 17:52:19,M,Neutral,405.86,4.52
2025-05-16 17:52:19,M,Negative,582.10,4.61
2025-05-16 17:52:19,M,Neutral,397.64,4.73
2025-05-16 17:52:19,M,Neutral,509.40,4.79
2025-05-16 17:52:19,M,Neutral,427.57,4.85
2025-05-16 17:52:19,M,Negative,578.15,4.93
2025-05-16 17:52:19,M,Negative,476.53,5.04
2025-05-16 17:52:19,M,Negative,502.33,5.10
2025-05-16 17:52:19,M,Neutral,486.77,5.14
2025-05-16 17:52:19,M,Neutral,433.22,5.20
2025-05-16 17:52:20,M,Neutral,679.98,5.28
2025-05-16 17:52:20,M,Neutral,380.16,5.36
2025-05-16 17:52:20,M,Negative,526.87,5.39
2025-05-16 17:52:20,M,Negative,180.61,5.44
2025-05-16 17:52:20,M,Neutral,443.75,5.51
2025-05-16 17:52:20,M,Negative,607.71,5.56
2025-05-16 17:52:20,M,Negative,235.05,5.60
2025-05-16 17:52:20,M,Negative,567.97,5.68
2025-05-16 17:52:20,M,Negative,251.81,5.75
2025-05-16 17:52:20,M,Neutral,638.55,5.77
2025-05-16 17:52:20,M,Neutral,138.89,5.81
2025-05-16 17:52:20,M,Neutral,856.19,5.83
2025-05-16 17:52:20,M,Neutral,410.83,5.90
2025-05-16 17:52:21,M,Neutral,474.35,5.94
2025-05-16 17:52:21,M,Neutral,194.65,6.00
2025-05-16 17:52:21,M,Neutral,29.90,6.05
2025-05-16 17:52:21,M,Neutral,280.46,6.09
2025-05-16 17:52:21,M,Neutral,286.48,6.11
2025-05-16 17:52:21,M,Neutral,201.61,6.13
2025-05-16 17:52:21,M,Neutral,43.30,6.16
2025-05-16 17:52:21,M,Neutral,42.84,6.18
2025-05-16 17:52:21,M,Neutral,33.66,6.20
2025-05-16 17:52:21,M,Neutral,435.13,6.23
2025-05-16 17:52:21,M,Neutral,452.19,6.30
2025-05-16 17:52:21,M,Neutral,366.29,6.34
2025-05-16 17:52:21,M,Neutral,464.88,6.36
2025-05-16 17:52:21,M,Neutral,136.69,6.37
2025-05-16 17:52:21,M,Neutral,666.53,6.43
2025-05-16 17:52:22,M,Neutral,731.82,6.53
2025-05-16 17:52:22,M,Neutral,236.83,6.64
2025-05-16 17:52:22,M,Neutral,686.02,6.70
2025-05-16 17:52:22,M,Neutral,387.37,6.72
2025-05-16 17:52:22,M,Neutral,274.37,6.73
2025-05-16 17:52:22,M,Neutral,349.45,6.78
2025-05-16 17:52:22,M,Neutral,432.86,6.86
2025-05-16 17:52:22,M,Neutral,387.49,6.96
2025-05-16 17:52:22,M,Neutral,400.25,7.03
2025-05-16 17:52:22,M,Neutral,397.39,7.07
2025-05-16 17:52:22,M,Neutral,358.33,7.09
2025-05-16 17:52:22,M,Neutral,420.78,7.13
2025-05-16 17:52:22,M,Neutral,391.53,7.21
2025-05-16 17:52:22,M,Neutral,721.96,7.31
2025-05-16 17:52:22,M,Neutral,455.20,7.38
2025-05-16 17:52:23,M,Neutral,543.55,7.44
2025-05-16 17:52:23,M,Negative,410.54,7.46
2025-05-16 17:52:23,M,Neutral,381.64,7.49
2025-05-16 17:52:23,M,Neutral,404.14,7.56
2025-05-16 17:52:23,M,Neutral,549.88,7.65
2025-05-16 17:52:23,M,Neutral,614.22,7.71
2025-05-16 17:52:23,M,Neutral,579.23,7.74
2025-05-16 17:52:23,M,Neutral,221.48,7.77
2025-05-16 17:52:23,M,Neutral,470.90,7.78
2025-05-16 17:52:23,M,Neutral,551.41,7.82
2025-05-16 17:52:23,M,Neutral,574.87,7.89
2025-05-16 17:52:23,M,Neutral,428.72,7.97
2025-05-16 17:52:23,M,Neutral,686.26,8.02
2025-05-16 17:52:23,M,Neutral,314.91,8.04
2025-05-16 17:52:23,M,Neutral,363.77,8.05
2025-05-16 17:52:24,M,Neutral,421.75,8.08
2025-05-16 17:52:24,M,Neutral,471.91,8.14
2025-05-16 17:52:24,M,Neutral,334.19,8.23
2025-05-16 17:52:24,M,Neutral,568.69,8.27
2025-05-16 17:52:24,M,Neutral,417.27,8.30
2025-05-16 17:52:24,M,Neutral,317.84,8.31
2025-05-16 17:52:24,M,Neutral,446.17,8.33
2025-05-16 17:52:24,M,Neutral,756.00,8.42
2025-05-16 17:52:24,M,Neutral,394.94,8.48
2025-05-16 17:52:24,M,Neutral,597.26,8.52
2025-05-16 17:52:24,M,Neutral,521.11,8.56
2025-05-16 17:52:24,M,Neutral,399.80,8.57
2025-05-16 17:52:24,M,Neutral,482.09,8.60
2025-05-16 17:52:24,M,Neutral,875.82,8.69
2025-05-16 17:52:24,M,Neutral,233.34,8.75
2025-05-16 17:52:25,M,Neutral,493.93,8.81
2025-05-16 17:52:25,M,Neutral,210.95,8.85
2025-05-16 17:52:25,M,Neutral,500.94,8.92
2025-05-16 17:52:25,M,Neutral,238.08,8.98
2025-05-16 17:52:25,M,Neutral,526.38,9.03
2025-05-16 17:52:25,M,Neutral,292.46,9.06
2025-05-16 17:52:25,M,Neutral,216.83,9.11
2025-05-16 17:52:25,M,Neutral,685.78,9.17
2025-05-16 17:52:25,M,Neutral,353.43,9.22
2025-05-16 17:52:25,M,Neutral,590.49,9.25
2025-05-16 17:52:25,M,Neutral,262.97,9.26
2025-05-16 17:52:25,M,Neutral,458.11,9.30
2025-05-16 17:52:25,M,Neutral,293.42,9.36
2025-05-16 17:52:25,M,Neutral,644.43,9.38
2025-05-16 17:52:25,M,Neutral,185.30,9.38
2025-05-16 17:52:26,M,Neutral,250.44,9.40
2025-05-16 17:52:26,M,Neutral,83.32,9.42
2025-05-16 17:52:26,M,Neutral,368.32,9.43
2025-05-16 17:52:26,M,Neutral,265.33,9.43
2025-05-16 17:52:26,M,Neutral,334.96,9.47
2025-05-16 17:52:26,M,Neutral,398.56,9.48
2025-05-16 17:52:26,M,Neutral,128.85,9.49
2025-05-16 17:52:26,M,Neutral,254.75,9.51
2025-05-16 17:52:26,M,Neutral,324.22,9.53
2025-05-16 17:52:26,M,Neutral,130.36,9.54
2025-05-16 17:52:26,M,Neutral,357.06,9.57
2025-05-16 17:52:26,M,Neutral,317.88,9.58
2025-05-16 17:52:26,M,Neutral,134.65,9.59
2025-05-16 17:52:26,M,Neutral,376.74,9.62
2025-05-16 17:52:27,M,Neutral,297.56,9.64
2025-05-16 17:52:27,M,Neutral,204.37,9.65
2025-05-16 17:52:27,M,Neutral,375.44,9.67
2025-05-16 17:52:27,M,Neutral,272.70,9.71
2025-05-16 17:52:27,M,Neutral,553.72,9.72
2025-05-16 17:52:27,M,Neutral,320.89,9.73
2025-05-16 17:52:27,M,Neutral,330.74,9.76
2025-05-16 17:52:27,M,Neutral,762.79,9.77
2025-05-16 17:52:27,M,Neutral,165.21,9.76
2025-05-16 17:52:27,M,Neutral,888.67,9.80
2025-05-16 17:52:27,M,Neutral,182.15,9.84
2025-05-16 17:52:27,M,Neutral,830.79,9.85
2025-05-16 17:52:27,M,Neutral,151.14,9.84
2025-05-16 17:52:27,M,Neutral,34.70,9.84
2025-05-16 17:52:27,M,Neutral,104.20,9.84
2025-05-16 17:52:28,M,Neutral,107.60,9.84
2025-05-16 17:52:28,M,Neutral,53.97,9.84
2025-05-16 17:52:28,M,Neutral,34.40,9.84
2025-05-16 17:52:28,M,Neutral,112.72,9.85
2025-05-16 17:52:28,M,Neutral,46.21,9.85
2025-05-16 17:52:28,M,Neutral,36.53,9.86
2025-05-16 17:52:28,N,Neutral,0.00,0.00
2025-05-16 17:52:28,N,Neutral,0.00,11.35
2025-05-16 17:52:28,N,Neutral,22.16,11.48
2025-05-16 17:52:28,N,Neutral,15.06,11.44
2025-05-16 17:52:28,N,Neutral,21.09,11.35
2025-05-16 17:52:28,N,Neutral,15.52,11.25
2025-05-16 17:52:28,N,Neutral,15.57,11.18
2025-05-16 17:52:28,N,Neutral,14.60,11.09
2025-05-16 17:52:28,N,Neutral,30.37,11.09
2025-05-16 17:52:28,N,Neutral,31.68,11.15
2025-05-16 17:52:29,N,Neutral,14.09,11.22
2025-05-16 17:52:29,N,Neutral,15.63,11.28
2025-05-16 17:52:29,N,Neutral,0.00,11.33
2025-05-16 17:52:29,N,Neutral,15.67,11.35
2025-05-16 17:52:29,N,Neutral,14.41,11.35
2025-05-16 17:52:29,N,Neutral,64.14,11.38
2025-05-16 17:52:29,N,Neutral,99.83,11.30
2025-05-16 17:52:29,N,Neutral,136.98,11.12
2025-05-16 17:52:29,N,Neutral,15.19,10.95
2025-05-16 17:52:29,N,Neutral,32.52,10.82
2025-05-16 17:52:29,N,Neutral,48.90,10.75
2025-05-16 17:52:29,N,Neutral,50.05,10.72
2025-05-16 17:52:29,N,Neutral,14.65,10.69
2025-05-16 17:52:29,N,Neutral,125.79,10.59
2025-05-16 17:52:30,N,Neutral,80.22,10.46
2025-05-16 17:52:30,N,Neutral,316.54,10.52
2025-05-16 17:52:30,N,Neutral,33.55,10.58
2025-05-16 17:52:30,N,Neutral,79.02,10.60
2025-05-16 17:52:30,N,Neutral,96.04,10.63
2025-05-16 17:52:30,N,Neutral,95.31,10.60
2025-05-16 17:52:30,N,Neutral,166.16,10.63
2025-05-16 17:52:30,N,Neutral,43.35,10.68
2025-05-16 17:52:30,N,Neutral,165.28,10.63
2025-05-16 17:52:30,N,Neutral,156.17,10.67
2025-05-16 17:52:30,N,Neutral,54.34,10.69
2025-05-16 17:52:30,N,Neutral,170.11,10.67
2025-05-16 17:52:30,N,Neutral,33.61,10.63
2025-05-16 17:52:30,N,Neutral,141.11,10.65
2025-05-16 17:52:30,N,Neutral,42.63,10.66
2025-05-16 17:52:31,N,Neutral,30.41,10.66
2025-05-16 17:52:31,N,Neutral,91.18,10.70
2025-05-16 17:52:31,N,Neutral,80.05,10.70
2025-05-16 17:52:31,N,Neutral,208.22,10.62
2025-05-16 17:52:31,N,Neutral,82.53,10.58
2025-05-16 17:52:31,N,Neutral,190.24,10.61
2025-05-16 17:52:31,N,Neutral,60.99,10.62
2025-05-16 17:52:31,N,Neutral,104.92,10.59
2025-05-16 17:52:31,N,Neutral,179.78,10.62
2025-05-16 17:52:31,N,Neutral,29.95,10.64
2025-05-16 17:52:31,N,Neutral,96.00,10.63
2025-05-16 17:52:31,N,Neutral,158.48,10.63
2025-05-16 17:52:31,N,Neutral,184.00,10.57
2025-05-16 17:52:31,N,Neutral,199.74,10.57
2025-05-16 17:52:31,N,Neutral,97.31,10.58
2025-05-16 17:52:32,N,Neutral,108.95,10.58
2025-05-16 17:52:32,N,Neutral,67.43,10.58
2025-05-16 17:52:32,N,Neutral,106.85,10.57
2025-05-16 17:52:32,N,Neutral,96.57,10.58
2025-05-16 17:52:32,N,Neutral,53.96,10.58
2025-05-16 17:52:32,N,Neutral,154.38,10.54
2025-05-16 17:52:32,N,Neutral,136.40,10.55
2025-05-16 17:52:32,N,Neutral,77.34,10.55
2025-05-16 17:52:32,N,Neutral,132.32,10.53
2025-05-16 17:52:32,N,Neutral,107.62,10.53
2025-05-16 17:52:32,N,Neutral,146.05,10.53
2025-05-16 17:52:32,N,Neutral,118.79,10.52
2025-05-16 17:52:32,N,Neutral,220.68,10.49
2025-05-16 17:52:32,N,Neutral,145.37,10.51
2025-05-16 17:52:32,N,Neutral,131.95,10.50
2025-05-16 17:52:33,N,Neutral,110.26,10.49
2025-05-16 17:52:33,N,Neutral,93.45,10.50
2025-05-16 17:52:33,N,Neutral,189.33,10.48
2025-05-16 17:52:33,N,Neutral,113.16,10.44
2025-05-16 17:52:33,N,Neutral,184.91,10.43
2025-05-16 17:52:33,N,Neutral,92.98,10.44
2025-05-16 17:52:33,N,Neutral,107.33,10.42
2025-05-16 17:52:33,N,Neutral,54.43,10.39
2025-05-16 17:52:33,N,Neutral,187.44,10.40
2025-05-16 17:52:33,N,Neutral,140.72,10.41
2025-05-16 17:52:33,N,Neutral,107.80,10.40
2025-05-16 17:52:33,N,Neutral,163.62,10.37
2025-05-16 17:52:33,N,Neutral,124.48,10.37
2025-05-16 17:52:33,N,Neutral,170.44,10.36
2025-05-16 17:52:33,N,Neutral,61.58,10.33
2025-05-16 17:52:34,N,Neutral,226.72,10.35
2025-05-16 17:52:34,N,Neutral,104.30,10.35
2025-05-16 17:52:34,N,Neutral,86.35,10.34
2025-05-16 17:52:34,N,Neutral,63.24,10.35
2025-05-16 17:52:34,N,Neutral,47.30,10.35
2025-05-16 17:52:34,N,Neutral,49.28,10.36
2025-05-16 17:52:34,N,Neutral,0.00,10.36
2025-05-16 17:52:34,N,Neutral,31.06,10.36
2025-05-16 17:52:34,N,Neutral,33.01,10.37
2025-05-16 17:52:34,N,Neutral,15.62,10.38
2025-05-16 17:52:34,N,Neutral,53.18,10.39
2025-05-16 17:52:34,N,Neutral,14.96,10.40
2025-05-16 17:52:34,N,Neutral,15.78,10.41
2025-05-16 17:52:34,N,Neutral,0.00,10.42
2025-05-16 17:52:34,N,Neutral,42.92,10.44
2025-05-16 17:52:35,N,Neutral,21.84,10.45
2025-05-16 17:52:35,N,Neutral,21.22,10.46
2025-05-16 17:52:35,N,Neutral,21.39,10.47
2025-05-16 17:52:35,N,Neutral,15.14,10.49
2025-05-16 17:52:35,N,Neutral,47.71,10.49
2025-05-16 17:52:35,N,Neutral,15.06,10.49
2025-05-16 17:52:35,N,Neutral,30.79,10.50
2025-05-16 17:52:35,N,Neutral,15.02,10.51
2025-05-16 17:52:35,N,Neutral,15.17,10.51
2025-05-16 17:52:35,N,Neutral,15.25,10.52
2025-05-16 17:52:35,N,Neutral,47.98,10.53
2025-05-16 17:52:35,N,Neutral,74.07,10.53
2025-05-16 17:52:35,N,Neutral,15.56,10.53
2025-05-16 17:52:35,N,Neutral,42.24,10.54
2025-05-16 17:52:35,N,Neutral,50.96,10.53
2025-05-16 17:52:36,N,Neutral,58.16,10.53
2025-05-16 17:52:36,N,Neutral,31.26,10.53
2025-05-16 17:52:36,N,Neutral,45.07,10.53
2025-05-16 17:52:36,N,Neutral,30.45,10.53
2025-05-16 17:52:36,N,Neutral,41.03,10.53
2025-05-16 17:52:36,N,Neutral,45.14,10.53
2025-05-16 17:52:36,N,Neutral,95.30,10.53
2025-05-16 17:52:36,N,Neutral,110.01,10.51
2025-05-16 17:52:36,N,Neutral,127.15,10.49
2025-05-16 17:52:36,N,Neutral,46.36,10.47
2025-05-16 17:52:36,N,Neutral,135.06,10.44
2025-05-16 17:52:36,N,Neutral,116.77,10.41
2025-05-16 17:52:36,N,Neutral,96.59,10.36
2025-05-16 17:52:36,N,Neutral,273.41,10.36
2025-05-16 17:52:36,N,Neutral,80.80,10.36
2025-05-16 17:52:37,N,Neutral,327.15,10.35
2025-05-16 17:52:37,N,Neutral,195.15,10.32
2025-05-16 17:52:37,N,Neutral,248.97,10.30
2025-05-16 17:52:37,N,Neutral,147.89,10.28
2025-05-16 17:52:37,N,Neutral,66.16,10.27
2025-05-16 17:52:37,N,Neutral,118.46,10.26
2025-05-16 17:52:37,N,Neutral,108.01,10.24
2025-05-16 17:52:37,N,Neutral,174.70,10.23
2025-05-16 17:52:37,N,Neutral,46.79,10.22
2025-05-16 17:52:37,N,Neutral,146.43,10.20
2025-05-16 17:52:37,N,Neutral,145.93,10.18
2025-05-16 17:52:37,N,Neutral,75.24,10.17
2025-05-16 17:52:37,N,Neutral,225.41,10.16
2025-05-16 17:52:37,N,Neutral,124.47,10.15
2025-05-16 17:52:37,N,Neutral,182.53,10.15
2025-05-16 17:52:38,N,Neutral,190.48,10.14
2025-05-16 17:52:38,N,Neutral,65.33,10.12
2025-05-16 17:52:38,N,Neutral,162.85,10.12
2025-05-16 17:52:38,N,Neutral,96.79,10.12
2025-05-16 17:52:38,N,Neutral,245.15,10.10
2025-05-16 17:52:38,N,Neutral,236.34,10.09
2025-05-16 17:52:38,N,Neutral,33.95,10.08
2025-05-16 17:52:38,N,Neutral,133.15,10.07
2025-05-16 17:52:38,N,Neutral,46.85,10.05
2025-05-16 17:52:38,N,Neutral,60.12,10.03
2025-05-16 17:52:38,N,Neutral,188.29,10.03
2025-05-16 17:52:38,N,Neutral,135.17,10.02
2025-05-16 17:52:38,N,Neutral,237.04,10.00
2025-05-16 17:52:38,N,Neutral,207.34,9.99
2025-05-16 17:52:38,N,Neutral,113.59,9.98
2025-05-16 17:52:39,N,Neutral,46.47,9.97
2025-05-16 17:52:39,N,Neutral,33.46,9.97
2025-05-16 17:52:39,N,Neutral,61.90,9.95
2025-05-16 17:52:39,N,Neutral,44.92,9.94
2025-05-16 17:52:39,S,Neutral,0.00,0.00
2025-05-16 17:52:39,S,Neutral,0.00,2.18
2025-05-16 17:52:39,S,Neutral,15.07,2.31
2025-05-16 17:52:39,S,Neutral,248.95,2.61
2025-05-16 17:52:39,S,Neutral,170.22,2.25
2025-05-16 17:52:39,S,Neutral,184.87,2.07
2025-05-16 17:52:39,S,Neutral,153.56,1.86
2025-05-16 17:52:39,S,Neutral,29.52,1.63
2025-05-16 17:52:39,S,Neutral,14.88,1.43
2025-05-16 17:52:39,S,Neutral,44.83,1.27
2025-05-16 17:52:39,S,Neutral,85.82,1.27
2025-05-16 17:52:40,S,Neutral,157.33,1.53
2025-05-16 17:52:40,S,Neutral,263.22,1.65
2025-05-16 17:52:40,S,Neutral,119.18,1.61
2025-05-16 17:52:40,S,Neutral,292.16,1.86
2025-05-16 17:52:40,S,Neutral,157.80,2.08
2025-05-16 17:52:40,S,Neutral,173.63,2.08
2025-05-16 17:52:40,S,Neutral,269.44,2.30
2025-05-16 17:52:40,S,Neutral,167.73,2.49
2025-05-16 17:52:40,S,Neutral,182.54,2.53
2025-05-16 17:52:40,S,Neutral,162.30,2.63
2025-05-16 17:52:40,S,Neutral,104.26,2.76
2025-05-16 17:52:40,S,Neutral,229.27,2.70
2025-05-16 17:52:40,S,Neutral,113.87,2.61
2025-05-16 17:52:40,S,Neutral,124.14,2.62
2025-05-16 17:52:40,S,Neutral,116.85,2.54
2025-05-16 17:52:41,S,Neutral,227.29,2.52
2025-05-16 17:52:41,S,Neutral,256.42,2.51
2025-05-16 17:52:41,S,Neutral,44.11,2.47
2025-05-16 17:52:41,S,Neutral,203.84,2.43
2025-05-16 17:52:41,S,Neutral,136.98,2.38
2025-05-16 17:52:41,S,Neutral,78.38,2.31
2025-05-16 17:52:41,S,Neutral,276.50,2.37
2025-05-16 17:52:41,S,Neutral,260.71,2.31
2025-05-16 17:52:41,S,Neutral,235.94,2.30
2025-05-16 17:52:41,S,Neutral,175.45,2.25
2025-05-16 17:52:41,S,Neutral,184.80,2.26
2025-05-16 17:52:41,S,Neutral,256.23,2.24
2025-05-16 17:52:41,S,Neutral,90.15,2.19
2025-05-16 17:52:41,S,Neutral,124.13,2.17
2025-05-16 17:52:41,S,Neutral,185.25,2.14
2025-05-16 17:52:42,S,Neutral,65.50,2.10
2025-05-16 17:52:42,S,Neutral,185.30,2.11
2025-05-16 17:52:42,S,Neutral,199.36,2.07
2025-05-16 17:52:42,S,Neutral,84.10,2.06
2025-05-16 17:52:42,S,Neutral,124.72,2.02
2025-05-16 17:52:42,S,Neutral,34.51,1.97
2025-05-16 17:52:42,S,Neutral,43.11,1.94
2025-05-16 17:52:42,S,Neutral,121.86,1.93
2025-05-16 17:52:42,S,Neutral,46.94,1.89
2025-05-16 17:52:42,S,Neutral,80.94,1.87
2025-05-16 17:52:42,S,Neutral,48.30,1.83
2025-05-16 17:52:42,S,Neutral,36.23,1.80
2025-05-16 17:52:42,S,Neutral,104.19,1.78
2025-05-16 17:52:42,S,Neutral,83.17,1.76
2025-05-16 17:52:42,S,Neutral,110.39,1.75
2025-05-16 17:52:43,S,Neutral,33.49,1.73
2025-05-16 17:52:43,S,Neutral,45.14,1.70
2025-05-16 17:52:43,S,Neutral,45.75,1.68
2025-05-16 17:52:43,S,Neutral,33.84,1.67
2025-05-16 17:52:43,S,Neutral,77.23,1.64
2025-05-16 17:52:43,S,Neutral,32.93,1.62
2025-05-16 17:52:43,S,Neutral,15.42,1.60
2025-05-16 17:52:43,S,Neutral,111.19,1.59
2025-05-16 17:52:43,S,Neutral,25.83,1.57
2025-05-16 17:52:43,S,Neutral,34.53,1.54
2025-05-16 17:52:43,S,Neutral,65.10,1.53
2025-05-16 17:52:43,S,Neutral,47.71,1.51
2025-05-16 17:52:43,S,Neutral,44.04,1.49
2025-05-16 17:52:43,S,Neutral,15.35,1.48
2025-05-16 17:52:44,S,Neutral,124.55,1.47
2025-05-16 17:52:44,S,Neutral,32.94,1.46
2025-05-16 17:52:44,S,Neutral,136.33,1.45
2025-05-16 17:52:44,S,Neutral,190.16,1.45
2025-05-16 17:52:44,S,Neutral,177.55,1.50
2025-05-16 17:52:44,S,Neutral,354.98,1.48
2025-05-16 17:52:44,S,Neutral,135.36,1.47
2025-05-16 17:52:44,S,Neutral,252.37,1.49
2025-05-16 17:52:44,S,Neutral,217.19,1.50
2025-05-16 17:52:44,S,Neutral,206.06,1.49
2025-05-16 17:52:44,S,Neutral,121.63,1.48
2025-05-16 17:52:44,S,Neutral,144.06,1.48
2025-05-16 17:52:44,S,Neutral,102.61,1.47
2025-05-16 17:52:44,S,Neutral,95.34,1.46
2025-05-16 17:52:44,S,Neutral,75.56,1.45
2025-05-16 17:52:45,S,Neutral,76.42,1.44
2025-05-16 17:52:45,S,Neutral,97.04,1.42
2025-05-16 17:52:45,S,Neutral,67.92,1.41
2025-05-16 17:52:45,S,Neutral,91.31,1.40
2025-05-16 17:52:45,S,Neutral,151.93,1.40
2025-05-16 17:52:45,S,Neutral,62.43,1.40
2025-05-16 17:52:45,S,Neutral,77.01,1.39
2025-05-16 17:52:45,S,Neutral,125.39,1.40
2025-05-16 17:52:45,S,Neutral,147.95,1.39
2025-05-16 17:52:45,S,Neutral,102.20,1.38
2025-05-16 17:52:45,S,Neutral,165.02,1.38
2025-05-16 17:52:45,S,Neutral,108.95,1.37
2025-05-16 17:52:45,S,Neutral,118.08,1.37
2025-05-16 17:52:45,S,Neutral,215.97,1.36
2025-05-16 17:52:45,S,Neutral,154.74,1.37
2025-05-16 17:52:46,S,Neutral,190.94,1.36
2025-05-16 17:52:46,S,Neutral,219.56,1.35
2025-05-16 17:52:46,S,Neutral,142.60,1.36
2025-05-16 17:52:46,S,Neutral,180.68,1.36
2025-05-16 17:52:46,S,Neutral,164.32,1.36
2025-05-16 17:52:46,S,Neutral,164.88,1.36
2025-05-16 17:52:46,S,Neutral,109.49,1.37
2025-05-16 17:52:46,S,Neutral,168.67,1.35
2025-05-16 17:52:46,S,Neutral,159.68,1.36
2025-05-16 17:52:46,S,Neutral,265.29,1.36
2025-05-16 17:52:46,S,Neutral,154.52,1.35
2025-05-16 17:52:46,S,Neutral,232.59,1.37
2025-05-16 17:52:46,S,Neutral,226.53,1.36
2025-05-16 17:52:46,S,Neutral,117.40,1.36
2025-05-16 17:52:46,S,Negative,191.84,1.35
2025-05-16 17:52:47,S,Neutral,122.02,1.36
2025-05-16 17:52:47,S,Neutral,184.92,1.35
2025-05-16 17:52:47,S,Negative,21.52,1.34
2025-05-16 17:52:47,S,Negative,115.49,1.33
2025-05-16 17:52:47,S,Neutral,160.74,1.33
2025-05-16 17:52:47,S,Neutral,15.01,1.33
2025-05-16 17:52:47,S,Neutral,21.25,1.33
2025-05-16 17:52:47,S,Neutral,31.52,1.33
2025-05-16 17:52:47,S,Neutral,20.87,1.33
2025-05-16 17:52:47,S,Neutral,21.84,1.33
2025-05-16 17:52:47,S,Neutral,66.65,1.34
2025-05-16 17:52:47,S,Neutral,285.66,1.36
2025-05-16 17:52:47,S,Neutral,160.37,1.35
2025-05-16 17:52:47,W,Neutral,0.00,0.00
2025-05-16 17:52:47,W,Neutral,165.32,8.18
2025-05-16 17:52:48,W,Neutral,41.92,7.92
2025-05-16 17:52:48,W,Neutral,0.00,7.83
2025-05-16 17:52:48,W,Neutral,30.87,7.92
2025-05-16 17:52:48,W,Neutral,21.36,8.03
2025-05-16 17:52:48,W,Neutral,14.74,8.14
2025-05-16 17:52:48,W,Neutral,34.61,8.26
2025-05-16 17:52:48,W,Neutral,52.97,8.45
2025-05-16 17:52:48,W,Neutral,45.63,8.51
2025-05-16 17:52:48,W,Neutral,175.42,8.61
2025-05-16 17:52:48,W,Neutral,321.81,8.82
2025-05-16 17:52:48,W,Negative,345.62,8.55
2025-05-16 17:52:48,W,Neutral,336.45,8.77
2025-05-16 17:52:48,W,Neutral,157.01,8.95
2025-05-16 17:52:48,W,Neutral,209.60,8.86
2025-05-16 17:52:48,W,Neutral,195.06,8.97
2025-05-16 17:52:49,W,Neutral,160.10,9.09
2025-05-16 17:52:49,W,Neutral,115.47,9.24
2025-05-16 17:52:49,W,Negative,123.46,9.26
2025-05-16 17:52:49,W,Negative,54.24,9.23
2025-05-16 17:52:49,W,Neutral,200.08,9.36
2025-05-16 17:52:49,W,Neutral,195.82,9.40
2025-05-16 17:52:49,W,Negative,480.53,9.10
2025-05-16 17:52:49,W,Neutral,632.45,8.97
2025-05-16 17:52:49,W,Neutral,154.88,8.75
2025-05-16 17:52:49,W,Neutral,215.72,8.51
2025-05-16 17:52:49,W,Positive,412.91,8.50
2025-05-16 17:52:49,W,Neutral,139.62,8.56
2025-05-16 17:52:49,W,Neutral,327.92,8.47
2025-05-16 17:52:49,W,Negative,175.81,8.30
2025-05-16 17:52:49,W,Negative,307.99,8.25
2025-05-16 17:52:50,W,Neutral,429.79,8.42
2025-05-16 17:52:50,W,Neutral,524.43,8.33
2025-05-16 17:52:50,W,Negative,185.75,8.19
2025-05-16 17:52:50,W,Negative,214.18,8.15
2025-05-16 17:52:50,W,Neutral,321.60,8.19
2025-05-16 17:52:50,W,Neutral,651.90,8.01
2025-05-16 17:52:50,W,Neutral,133.66,7.81
2025-05-16 17:52:50,W,Neutral,676.23,7.86
2025-05-16 17:52:50,W,Neutral,66.16,7.93
2025-05-16 17:52:50,W,Neutral,198.93,7.92
2025-05-16 17:52:50,W,Negative,99.05,7.90
2025-05-16 17:52:50,W,Negative,204.25,7.94
2025-05-16 17:52:50,W,Negative,393.88,8.10
2025-05-16 17:52:50,W,Negative,340.79,8.12
2025-05-16 17:52:50,W,Negative,243.74,8.12
2025-05-16 17:52:51,W,Negative,345.79,8.15
2025-05-16 17:52:51,W,Negative,528.43,8.33
2025-05-16 17:52:51,W,Negative,434.12,8.43
2025-05-16 17:52:51,W,Negative,244.14,8.46
2025-05-16 17:52:51,W,Negative,432.91,8.54
2025-05-16 17:52:51,W,Negative,559.65,8.79
2025-05-16 17:52:51,W,Negative,484.64,8.93
2025-05-16 17:52:51,W,Neutral,466.85,8.95
2025-05-16 17:52:51,W,Neutral,341.53,8.96
2025-05-16 17:52:51,W,Negative,524.78,9.07
2025-05-16 17:52:51,W,Negative,411.37,9.29
2025-05-16 17:52:51,W,Neutral,696.47,9.31
2025-05-16 17:52:51,W,Neutral,263.19,9.32
2025-05-16 17:52:51,W,Neutral,594.62,9.45
2025-05-16 17:52:51,W,Neutral,216.63,9.61
2025-05-16 17:52:52,W,Neutral,606.42,9.61
2025-05-16 17:52:52,W,Neutral,253.59,9.65
2025-05-16 17:52:52,W,Neutral,635.58,9.82
2025-05-16 17:52:52,W,Neutral,827.18,9.84
2025-05-16 17:52:52,W,Neutral,441.45,9.72
2025-05-16 17:52:52,W,Neutral,31.19,9.60
2025-05-16 17:52:52,W,Neutral,14.75,9.49
2025-05-16 17:52:52,W,Neutral,0.00,9.37
2025-05-16 17:52:52,W,Neutral,125.00,9.29
2025-05-16 17:52:52,W,Neutral,275.76,9.21
2025-05-16 17:52:52,W,Neutral,380.90,9.09
2025-05-16 17:52:52,W,Neutral,1299.47,9.12
2025-05-16 17:52:52,W,Neutral,401.98,9.23
2025-05-16 17:52:53,W,Neutral,791.21,9.16
2025-05-16 17:52:53,W,Neutral,1183.29,9.03
2025-05-16 17:52:53,W,Neutral,441.76,8.93
2025-05-16 17:52:53,W,Neutral,206.79,8.82
2025-05-16 17:52:53,W,Neutral,822.80,8.77
2025-05-16 17:52:53,W,Neutral,119.49,8.75
2025-05-16 17:52:53,W,Neutral,507.02,8.70
2025-05-16 17:52:53,W,Neutral,472.22,8.64
2025-05-16 17:52:53,W,Neutral,253.30,8.57
2025-05-16 17:52:53,W,Neutral,52.93,8.51
2025-05-16 17:52:53,W,Neutral,15.15,8.44
2025-05-16 17:52:53,W,Negative,56.65,8.36
2025-05-16 17:52:53,W,Neutral,82.84,8.27
2025-05-16 17:52:53,W,Neutral,98.75,8.18
2025-05-16 17:52:53,A,Neutral,0.00,0.00
2025-05-16 17:52:54,A,Neutral,250.08,3.70
2025-05-16 17:52:54,A,Neutral,151.25,3.56
2025-05-16 17:52:54,A,Neutral,530.18,3.17
2025-05-16 17:52:54,A,Neutral,445.07,3.43
2025-05-16 17:52:54,A,Neutral,185.59,3.22
2025-05-16 17:52:54,A,Neutral,33.64,2.99
2025-05-16 17:52:54,A,Neutral,114.16,3.09
2025-05-16 17:52:54,A,Neutral,195.69,3.53
2025-05-16 17:52:54,A,Neutral,677.21,5.04
2025-05-16 17:52:54,A,Neutral,1812.29,7.66
2025-05-16 17:52:54,A,Negative,0.00,7.66
2025-05-16 17:52:54,A,Neutral,0.00,7.66
2025-05-16 17:52:54,A,Neutral,0.00,7.66
2025-05-16 17:52:54,A,Neutral,0.00,7.66
2025-05-16 17:52:54,A,Neutral,0.00,7.66
2025-05-16 17:52:55,A,Neutral,0.00,7.66
2025-05-16 17:52:55,A,Neutral,0.00,7.66
2025-05-16 17:52:55,A,Neutral,0.00,7.66
2025-05-16 17:52:55,A,Neutral,0.00,7.66
2025-05-16 17:52:55,A,Neutral,0.00,7.66
